y_true,y_pred,y_proba_class_1
0,0,0.0007149078
0,0,0.00076485926
0,0,0.00036710082
0,0,0.033425126
0,0,0.00040114633
0,0,0.0038011814
0,0,0.0003726929
0,0,0.00043340915
0,0,0.0015124456
0,0,0.00043309113
0,0,0.00044712125
0,0,0.00038480182
0,0,0.0006902549
0,0,0.14745997
0,0,0.0011271902
0,0,0.00032918315
0,0,0.00034931285
0,0,0.0007128127
0,0,0.00034589265
0,0,0.05430244
1,1,0.9957262
0,0,0.00036983597
0,0,0.0011584819
0,0,0.0024025114
0,0,0.0003715958
0,0,0.00032537256
0,0,0.00036038246
0,0,0.00033302023
0,0,0.0105036525
0,0,0.0011802096
0,0,0.0003171361
0,0,0.0003735169
0,0,0.0005262109
0,0,0.0004991245
0,0,0.0004111522
0,0,0.00054392754
0,0,0.002031864
0,0,0.001405864
0,0,0.00037664056
0,0,0.0008358939
0,0,0.00033891998
0,0,0.00035870567
0,1,0.9554056
0,0,0.0015972249
0,0,0.000357567
0,0,0.00038567604
0,0,0.00036036802
0,0,0.0013328152
0,0,0.000326042
0,0,0.00039724755
0,0,0.0003255643
0,0,0.00033855182
0,0,0.00041813648
1,1,0.9854811
0,0,0.00035525346
0,1,0.9905599
0,0,0.0009464293
0,0,0.0003584985
0,0,0.000315243
0,0,0.00032796303
0,0,0.0003458409
0,0,0.0003423525
0,0,0.000397519
0,0,0.00041972654
0,0,0.00047736446
0,0,0.00039813263
0,0,0.00033271115
0,0,0.0009436508
0,0,0.0003157679
0,0,0.00037525682
0,0,0.00040071155
0,0,0.00046753167
0,1,0.98903555
0,0,0.00039453013
1,1,0.9723851
0,0,0.00040029714
1,0,0.010992872
0,0,0.00057250785
0,0,0.00034560822
0,0,0.001052764
0,0,0.00053587987
0,0,0.0003347062
0,0,0.0006294154
0,0,0.00037234364
0,0,0.0005430593
0,0,0.002514613
0,0,0.00036685486
0,0,0.00040459627
0,0,0.00034928988
0,0,0.00047368274
1,0,0.023175756
0,0,0.00044018394
0,0,0.00031938867
0,0,0.0013477504
0,0,0.0003152316
0,0,0.00053222146
0,0,0.00046598597
0,0,0.0004236355
0,0,0.0003273742
0,0,0.0005810518
0,0,0.0003841897
0,0,0.00035025855
0,0,0.00039407454
0,0,0.00039489756
0,0,0.00038672704
0,0,0.0018675989
0,0,0.00045041883
0,0,0.0010781387
0,0,0.0003665955
0,0,0.00039459747
0,0,0.0005569121
0,0,0.000474984
0,0,0.00040775695
0,0,0.00035984517
0,0,0.0004218322
0,0,0.0003449936
0,0,0.00039256597
0,0,0.00033597831
0,0,0.00035393442
0,0,0.00031931986
0,0,0.1652964
0,0,0.00039800056
0,1,0.93081677
0,0,0.00037672173
0,0,0.001053875
0,0,0.00032231817
0,0,0.00036126957
0,0,0.00035876446
0,0,0.0019445987
0,0,0.00065049995
0,0,0.0007481292
0,0,0.00032176738
0,0,0.0003953886
0,0,0.00034931616
0,0,0.00039903467
0,0,0.001393809
0,0,0.00035884487
0,0,0.00057005533
0,0,0.00034551826
0,0,0.0003746077
0,0,0.00039330553
0,0,0.0010055436
0,0,0.00033112295
0,0,0.00032673127
0,0,0.00037889712
1,1,0.9941712
0,0,0.00079901045
0,0,0.00031926355
0,0,0.00052503374
0,0,0.00041263326
0,0,0.00031826764
0,0,0.00085364043
0,0,0.00047267936
0,0,0.00034566785
0,0,0.00035457782
0,0,0.0051019425
0,0,0.00034860955
0,0,0.0020646476
0,0,0.00036631443
0,0,0.00037239975
0,0,0.00034734627
0,0,0.00034279583
0,0,0.00081023254
0,0,0.0005288158
0,0,0.0004846848
0,0,0.035138637
1,1,0.99609935
0,0,0.00039734493
0,0,0.0003500619
0,0,0.0003773986
0,0,0.0003899333
0,0,0.00038194167
0,0,0.00059456466
0,0,0.00047250252
0,0,0.00034830678
0,0,0.0023048555
0,0,0.00043811006
0,0,0.00032888856
0,0,0.0007022962
1,1,0.97655314
0,0,0.00051564694
0,0,0.00037364612
0,0,0.00040035948
0,0,0.0007446205
0,0,0.00033415272
0,0,0.00046900244
0,0,0.00033278123
0,0,0.00040298357
0,1,0.9895808
0,0,0.00032991584
0,0,0.00041720955
0,0,0.00045067136
0,0,0.00042298497
0,0,0.0004744446
0,0,0.0006482172
0,0,0.00038105898
0,0,0.00039380565
0,0,0.0003385531
0,0,0.03784972
1,1,0.9857444
0,0,0.001045482
0,0,0.00045313343
1,1,0.9838561
0,0,0.00038388348
0,0,0.00042214754
0,0,0.00039185968
0,0,0.0005337218
0,0,0.0010895111
0,0,0.0004307535
0,0,0.0003832763
0,0,0.0005147272
0,0,0.0006263306
0,0,0.0005701578
0,0,0.00038760673
0,0,0.00037426272
0,0,0.0011526017
0,0,0.0004927184
0,0,0.00044039672
0,0,0.0008186303
0,0,0.0004989391
0,0,0.00032586648
0,0,0.0003920968
0,0,0.0016693654
0,0,0.0003582839
0,0,0.00041102408
0,0,0.0039547454
0,0,0.00035503984
0,0,0.0008504599
0,0,0.000675573
0,0,0.00035294716
0,0,0.00036332672
0,0,0.00040294742
0,0,0.00032761303
0,0,0.00040303063
0,0,0.00044520866
0,0,0.00162007
0,0,0.00035910396
0,0,0.0005529979
1,1,0.9937022
0,0,0.00047576474
0,0,0.0003829859
0,0,0.00035961025
0,0,0.00038056853
0,0,0.00033779582
0,0,0.00034056566
0,0,0.00037459447
0,0,0.00036598754
1,1,0.98363864
0,0,0.0008300474
1,1,0.9927262
0,0,0.00045894287
0,0,0.0003449969
0,0,0.00038673257
0,0,0.00034660846
1,1,0.9953713
1,1,0.985154
0,0,0.0028393366
1,1,0.9916265
0,0,0.0007908259
0,0,0.0005970715
0,0,0.00042612437
0,0,0.0003285194
0,0,0.00039026368
1,0,0.0016773159
0,0,0.000726275
0,0,0.00049987633
0,0,0.00034931616
0,0,0.000417498
0,0,0.00032933883
0,0,0.0003825161
0,0,0.0003251192
0,0,0.00048467718
1,1,0.98660827
0,0,0.00043251764
0,0,0.00063295197
0,0,0.0014733248
1,1,0.98959714
0,0,0.0021674784
0,0,0.0019444284
0,0,0.0011374553
0,0,0.00043373732
0,0,0.00032514465
0,0,0.00046458846
0,0,0.00073317304
0,0,0.00045532695
0,0,0.0005434875
0,0,0.00040205385
0,0,0.00095763186
0,0,0.00077574584
0,0,0.00039543345
0,0,0.0004337005
0,0,0.0003461107
0,0,0.0004565432
0,0,0.00037862203
0,0,0.1054106
0,0,0.00031527784
0,0,0.00036510377
1,1,0.99049544
0,0,0.0005351599
0,0,0.0006012838
0,0,0.0006960684
0,0,0.014437155
0,0,0.0003662399
0,0,0.00033250632
0,0,0.00037682697
0,0,0.00049790525
0,0,0.0004783992
0,0,0.00038695586
0,0,0.0006773685
0,0,0.0010596304
1,1,0.93926316
0,0,0.0011799987
0,0,0.00032055
0,0,0.0003996262
0,0,0.00053896615
0,0,0.0045083975
1,1,0.9916129
0,0,0.0011919462
0,0,0.00035898722
0,0,0.0003899333
0,0,0.0012970275
0,0,0.0003903649
0,0,0.00032934948
0,0,0.001321101
1,1,0.987058
0,0,0.0003563287
0,0,0.00042030128
0,0,0.00044732072
0,0,0.00034431217
0,0,0.000630977
0,1,0.9005269
0,0,0.0003175757
0,0,0.00051740435
0,0,0.00060605607
0,0,0.0003662193
1,1,0.985538
0,0,0.00046600887
0,0,0.00036291653
0,0,0.00036788912
0,0,0.000511159
0,0,0.0003311141
0,0,0.00091645774
1,1,0.9876293
0,0,0.00034931616
1,1,0.9893734
0,0,0.00036792556
0,0,0.0005453663
0,0,0.00038740155
1,1,0.99458706
0,0,0.00046905517
0,0,0.00041446564
0,0,0.0003375608
0,0,0.0007686602
0,0,0.00054611353
0,0,0.0003852794
0,0,0.0006351797
0,0,0.00047688032
0,0,0.00041551
0,0,0.00034779956
0,0,0.0005430718
0,0,0.0006967932
0,0,0.00080232095
0,0,0.0007398926
0,0,0.00056150387
0,0,0.00040423637
0,0,0.00032547835
0,0,0.00033796846
0,0,0.00045247222
0,0,0.012325533
0,0,0.00041553457
0,0,0.00061911595
0,0,0.0004555156
0,0,0.00045700854
0,0,0.0005898173
0,0,0.00048130372
0,0,0.00035262632
0,0,0.0006169666
0,0,0.00036733886
0,0,0.00037865937
0,0,0.00093556324
0,0,0.0016164713
0,0,0.00036763807
0,0,0.0007143218
0,0,0.00038137662
0,0,0.00033872717
0,0,0.0003190098
0,0,0.00032030162
0,0,0.00038977942
0,0,0.0003654342
0,0,0.00038583178
1,1,0.9913653
0,0,0.0008779437
0,0,0.0003599603
0,0,0.00033335536
0,0,0.00033111006
0,0,0.00071819295
0,0,0.0003568012
0,0,0.0018329753
0,0,0.0004529054
0,0,0.000789281
0,0,0.0012743359
0,0,0.00048940047
0,0,0.00033223347
1,0,0.005318248
0,0,0.0006488669
0,0,0.0003703223
0,0,0.0003792119
0,0,0.000971361
0,0,0.00042457163
0,0,0.00043601464
0,0,0.0010435007
0,0,0.0003832664
0,0,0.00037093408
0,0,0.00039203468
0,0,0.0003704586
0,0,0.0004583321
0,0,0.00036086602
0,0,0.00034824453
0,0,0.0005553044
0,0,0.0004695804
0,0,0.00038665364
0,0,0.00035740854
1,0,0.0031569987
0,0,0.00038690108
0,0,0.0013710989
0,0,0.00047825807
0,0,0.00035057892
0,0,0.00040923146
0,0,0.00037400858
0,0,0.00043800275
0,0,0.00039935284
0,0,0.0009420553
0,0,0.0015864853
0,0,0.00041500095
0,0,0.0005740652
0,0,0.0004053361
0,0,0.00047012637
0,0,0.0012276648
0,0,0.0014547332
0,0,0.003247749
0,0,0.00036683952
0,0,0.0012074093
0,0,0.00033817085
0,0,0.0006066626
0,0,0.00035576982
0,0,0.00035542538
0,0,0.0006865535
0,0,0.00037196744
0,0,0.000472159
0,0,0.000354089
0,0,0.0006770452
0,0,0.00034969303
0,0,0.00049801863
0,0,0.00040232952
0,0,0.00032836664
1,0,0.03227873
0,0,0.000501978
0,0,0.0137890605
0,0,0.00036832038
0,0,0.00047153342
0,0,0.0003113752
1,1,0.9924891
0,0,0.00040982213
0,0,0.000320946
0,0,0.00039300666
0,0,0.0004950697
0,0,0.000974041
0,0,0.00041714672
0,0,0.0005357453
0,0,0.00034128933
0,0,0.00038167776
0,0,0.0022671765
0,0,0.00797735
0,0,0.0003613199
0,0,0.00035792682
1,1,0.9908359
0,0,0.0003182801
0,0,0.002578232
0,0,0.0003471066
0,0,0.00045700002
1,1,0.99609935
0,0,0.00037574186
0,0,0.0005162233
0,0,0.00033390592
0,0,0.0008102314
0,0,0.00034074855
0,0,0.0007066463
0,0,0.00045177573
0,0,0.00061404513
0,0,0.0023491995
0,0,0.0006827508
0,0,0.0005288351
0,0,0.00035646293
0,0,0.0015465666
0,0,0.0003983361
0,0,0.00075767224
0,0,0.0003691004
0,0,0.00038007635
0,0,0.00039813985
1,0,0.035253577
1,1,0.9932767
0,0,0.0009789505
0,0,0.00040445803
0,0,0.00042629376
0,0,0.0022531846
0,0,0.0004238215
0,0,0.0007025921
0,0,0.00033944318
0,0,0.00034473714
1,1,0.54069173
0,0,0.00043509313
0,0,0.0003573438
0,0,0.00034824453
1,1,0.9921598
0,0,0.40514228
0,0,0.0009553295
0,0,0.000365164
0,0,0.0006115717
0,0,0.00037300447
0,0,0.00043787315
0,0,0.00039588078
0,0,0.00037533944
0,0,0.0005456671
0,0,0.00049439655
0,0,0.0003669476
0,0,0.0006967158
0,0,0.00066561927
0,0,0.006797448
1,0,0.4626262
1,1,0.99410075
0,0,0.0003938515
0,0,0.0005016209
0,0,0.00042738384
0,0,0.007036893
0,0,0.0003663712
0,0,0.00039883977
0,0,0.00045201264
1,0,0.005043344
0,0,0.00051656394
0,0,0.0003213627
0,0,0.00033290434
0,0,0.01149775
0,0,0.00034002555
0,1,0.87066793
1,1,0.9937669
0,0,0.0007612929
0,0,0.00036137056
1,0,0.08243537
0,0,0.00090050587
0,0,0.000394497
0,0,0.00053323194
0,0,0.0004824221
0,0,0.0003408179
0,0,0.00043691727
0,0,0.00035135585
0,0,0.00035324035
0,0,0.00042358885
0,0,0.00056131824
0,0,0.0008239115
0,0,0.00071820186
0,0,0.0012840715
0,0,0.00032356233
1,1,0.6627125
0,0,0.008462914
1,1,0.9915685
0,0,0.00040338465
0,0,0.0004261329
0,0,0.00038319296
0,0,0.00038227314
0,0,0.00034961
0,0,0.000414719
0,0,0.00043599904
0,0,0.00040279655
0,0,0.1361141
0,0,0.00048236694
0,0,0.0004481218
0,0,0.000642252
0,0,0.00046452554
0,0,0.00040655583
0,0,0.00036761933
0,0,0.007588713
1,0,0.001875432
0,0,0.00032832968
0,0,0.001236677
0,0,0.00045330217
0,0,0.00086294155
0,0,0.00031108057
1,1,0.9864245
0,0,0.00034082128
0,0,0.0004217596
0,0,0.0006145908
0,0,0.00036112708
0,0,0.00043986476
0,0,0.00053145416
0,0,0.00048189476
1,1,0.9921725
0,0,0.0003809482
0,0,0.00035152704
0,0,0.025320513
0,0,0.00032749155
1,0,0.110209495
1,1,0.53153676
0,0,0.00044025463
0,0,0.0012538895
0,0,0.00031021988
0,0,0.0027059
0,0,0.00056351634
0,0,0.00036530988
1,1,0.9935096
0,0,0.00043272134
0,0,0.00048768765
0,0,0.00031981707
1,0,0.001970725
0,0,0.00037266134
0,0,0.0003784968
0,0,0.00048698808
0,0,0.0004289884
0,0,0.00032798992
0,0,0.00039598384
0,0,0.0003292632
0,0,0.00042142803
0,0,0.00040660976
0,0,0.00037513126
1,1,0.9909986
0,0,0.0010975767
0,0,0.0003988563
0,0,0.0004702122
0,0,0.00032470847
0,0,0.0006322571
1,1,0.9647298
0,0,0.00057451567
0,1,0.96782047
0,0,0.00039095312
0,0,0.0003915811
0,0,0.00034396112
1,1,0.9945234
0,0,0.00046589138
0,0,0.00031341112
0,0,0.00032975888
0,0,0.00033587328
0,0,0.00034207196
1,1,0.99435836
0,0,0.00031924772
0,0,0.0003770005
0,0,0.00042042191
0,0,0.00042620805
0,0,0.00036112708
0,0,0.31460428
0,0,0.000574113
0,0,0.00040844962
0,0,0.00036895965
1,0,0.0034299104
0,0,0.00041264467
0,0,0.00042850367
0,0,0.0030699803
0,0,0.0012397423
0,0,0.00033028083
0,0,0.0004823697
0,0,0.000690968
0,0,0.0003366256
0,0,0.0005691178
0,0,0.0005447455
0,0,0.00054791855
0,0,0.00034127943
0,0,0.0009148613
0,0,0.00053361396
0,0,0.00040213854
1,0,0.042820018
0,0,0.0024159702
0,1,0.97843504
0,0,0.00061445404
0,0,0.00038849848
0,0,0.00085568207
1,1,0.99601376
0,0,0.00035309928
0,0,0.00036206676
0,0,0.000525675
0,0,0.00033383304
0,0,0.00038413567
0,0,0.0003754529
0,0,0.0003318343
0,0,0.00034795975
0,0,0.00074674876
0,0,0.0004206295
0,0,0.00046549828
0,0,0.00037046638
0,0,0.00047211946
0,0,0.00033090456
0,0,0.00034931616
0,0,0.00036383938
0,0,0.00035148335
0,0,0.00036376234
0,0,0.0004386764
0,0,0.00048427892
0,0,0.00079432986
0,0,0.0003347777
0,0,0.00033459775
0,0,0.00041711156
0,0,0.00037454505
0,0,0.030137278
0,0,0.00085206877
0,0,0.00036895965
0,0,0.00039193922
0,0,0.00039687415
0,0,0.00035365042
0,0,0.0004528409
0,0,0.00036527403
0,0,0.00033188018
1,1,0.99402505
0,0,0.0004649961
0,0,0.00034295846
1,1,0.9914842
0,0,0.000383764
0,0,0.00032690263
0,0,0.00035318412
0,0,0.00051648216
0,0,0.00031756208
0,0,0.4286161
0,0,0.0004423631
0,0,0.00037198316
0,0,0.0003270158
0,0,0.00045311073
0,0,0.14936393
0,0,0.00036837783
0,0,0.00068389263
0,0,0.0011580257
0,0,0.0004259682
0,0,0.00032211852
0,0,0.00086564105
0,0,0.00047890883
0,0,0.0006512062
0,0,0.00035261468
1,1,0.99384767
0,0,0.0004002294
0,0,0.0011312255
0,0,0.0004969735
0,0,0.0005155142
0,0,0.0003287616
0,0,0.00035225504
0,0,0.00037282528
1,1,0.993562
0,0,0.00083588634
0,0,0.0004914782
0,0,0.00046363284
0,0,0.005057149
0,0,0.00034121276
0,0,0.00042685456
0,0,0.0004139235
0,0,0.00033351904
0,0,0.00043835488
0,0,0.00034870964
0,0,0.0006305279
0,0,0.00037754508
0,0,0.00039857312
1,1,0.9702646
0,0,0.00037178746
0,0,0.008677196
0,0,0.00032387648
0,0,0.0066877548
0,0,0.00045686564
0,0,0.0005209382
0,0,0.0005275712
0,0,0.0023619025
0,0,0.000367698
0,0,0.0017047485
0,0,0.0003648792
0,0,0.0003693253
0,0,0.0003432555
0,0,0.0005594423
0,0,0.0010806812
1,0,0.0011001345
0,0,0.00039187458
0,0,0.0004964385
0,0,0.0004533555
0,0,0.00039481875
0,0,0.00054627855
1,1,0.9946243
0,0,0.0008748536
0,0,0.00057204446
0,0,0.0010422902
0,0,0.00036156867
0,0,0.00035180902
0,0,0.0004286924
0,0,0.0011179136
0,0,0.00033641982
0,0,0.0020288543
0,0,0.00039784767
0,0,0.17038552
0,0,0.00058020005
0,0,0.0003317242
0,0,0.0005396866
0,0,0.0007178217
0,0,0.00034882035
0,0,0.00046636284
0,0,0.0005279432
0,0,0.00039813985
0,0,0.00045161296
1,1,0.99478525
0,0,0.0004294063
0,0,0.000645469
0,0,0.00037475486
0,0,0.00057719403
0,0,0.00039816188
0,0,0.0003986102
0,0,0.00066647417
0,0,0.00037222705
0,0,0.00033692873
0,0,0.00036139291
0,0,0.0008243898
0,0,0.000434709
0,0,0.00066969026
0,0,0.0032854897
0,0,0.000401394
0,1,0.9202961
1,1,0.84965354
0,0,0.00058431877
0,0,0.00034847332
0,0,0.0009900357
0,0,0.00056895486
0,0,0.00057031243
0,0,0.0010815745
1,0,0.095331326
0,0,0.00042272138
0,0,0.00034500117
0,0,0.0015300324
0,0,0.00037732918
0,0,0.00074260583
0,0,0.00036126646
0,0,0.00047447762
0,0,0.00041645378
0,0,0.00055129745
0,0,0.00037113362
0,0,0.00045212705
0,0,0.00032465957
0,0,0.0004242324
0,0,0.0004127483
1,1,0.98081255
0,0,0.00038193658
0,0,0.00032761303
1,0,0.01379502
0,0,0.00034547347
0,0,0.011754561
0,0,0.00033012943
1,1,0.9937475
0,0,0.00081437017
0,0,0.0006681379
0,0,0.0004709362
0,0,0.0007770528
0,0,0.00032457602
0,0,0.00042443664
0,0,0.0027684923
0,0,0.0033432501
0,0,0.0003952124
0,0,0.00051871565
0,0,0.0011147945
0,0,0.00041163265
0,0,0.0005984936
0,0,0.00036630256
0,0,0.00038654235
0,0,0.00044068063
0,0,0.0006248734
1,0,0.018450897
0,0,0.00043387667
0,0,0.0047420124
0,0,0.0017134086
0,0,0.0006081362
0,0,0.00036399547
1,0,0.104393035
0,0,0.00045485326
0,0,0.0003443261
0,0,0.0003508902
0,0,0.00044006814
0,0,0.00033982197
0,0,0.0008868533
0,0,0.00038315973
0,0,0.00048592087
0,0,0.00035157247
0,0,0.000385979
1,1,0.9901782
0,0,0.00041396695
0,0,0.0003288613
0,0,0.00039244603
0,0,0.0003591683
0,0,0.00034530798
0,0,0.0003412173
0,0,0.0004481218
0,0,0.0006944319
0,0,0.0031682642
0,0,0.00055345346
0,0,0.00038805944
0,0,0.0005532217
0,0,0.00050660013
0,0,0.00032028483
0,0,0.00037986386
0,0,0.0006242047
1,0,0.003455756
0,0,0.00036861372
0,0,0.00089275755
0,0,0.00044560878
0,0,0.0003180523
0,0,0.0004172688
0,0,0.00042714638
0,0,0.00042841138
0,0,0.00033587136
0,0,0.0007827403
0,0,0.00038809757
0,0,0.00034297057
0,0,0.00056404265
0,0,0.00034949687
0,0,0.00037227763
0,0,0.00049115974
0,0,0.00038198679
0,0,0.00049357465
0,0,0.0019516652
0,0,0.0005245429
0,0,0.006196877
0,0,0.00091716007
0,0,0.0004457203
0,0,0.00057440967
0,0,0.0003683109
0,0,0.0003232192
0,0,0.00049988966
0,0,0.00039715198
0,0,0.0004355641
0,0,0.00033351936
0,1,0.9634504
0,0,0.00034873857
1,1,0.94792014
0,0,0.0004545407
1,0,0.039519973
0,0,0.00070559786
0,0,0.0015360718
0,0,0.00033549982
0,0,0.00043114834
0,0,0.00047420044
0,0,0.00064205035
0,0,0.00037569832
0,0,0.00044796805
0,0,0.00035306628
0,0,0.00043543626
0,0,0.0004956467
0,0,0.00039269938
0,0,0.00030596848
0,0,0.00037065079
0,0,0.00050398224
0,0,0.0005563905
0,0,0.15600957
0,0,0.0075651817
0,0,0.0003889654
0,0,0.0003309169
0,0,0.0003622033
0,0,0.00046365586
0,0,0.00079644576
0,0,0.0004820257
0,0,0.000559693
0,0,0.00035237896
0,0,0.0007340025
0,0,0.000413004
0,0,0.0003511881
0,0,0.00077229674
0,0,0.00043470837
0,0,0.0007393456
0,0,0.00044511864
0,0,0.0031114686
0,0,0.0004880946
0,0,0.0004481218
0,0,0.0004806279
0,0,0.00038082874
1,1,0.65423614
0,0,0.08513117
1,0,0.0013264075
0,0,0.00094006705
0,0,0.00039144428
0,0,0.0008125006
0,0,0.00037904346
0,0,0.00064365065
0,0,0.0013348853
0,0,0.00034705334
0,0,0.00043024853
1,1,0.99296016
0,0,0.00035742522
0,0,0.00037316026
0,0,0.00035761984
0,0,0.00051527895
0,0,0.006797966
0,0,0.00039821232
0,0,0.00039630538
0,1,0.9206643
0,0,0.0005067371
1,1,0.9657845
0,0,0.0004640257
0,0,0.0005070232
0,0,0.0031347806
0,0,0.00032537256
0,0,0.00034508406
0,0,0.00068687316
0,0,0.0005086273
0,0,0.00047812494
1,1,0.9898879
0,0,0.00033483835
0,0,0.0007275261
0,0,0.00044494052
0,0,0.0003935632
0,0,0.00034734627
0,0,0.00039813985
0,0,0.0094027165
0,0,0.00032690263
0,0,0.04414533
0,0,0.0014326642
0,0,0.00032099892
0,0,0.0007699732
1,1,0.99225074
0,0,0.0006982736
0,0,0.0015791039
0,0,0.0014809241
0,0,0.00033408075
0,0,0.0003985965
0,0,0.0005692545
0,0,0.00040509427
0,0,0.0003762175
0,0,0.00043781765
0,0,0.00034641704
0,0,0.00030593292
0,0,0.0003431027
0,0,0.00035278135
0,0,0.0006084304
0,0,0.00035763555
0,0,0.00046445205
0,0,0.00036079908
0,0,0.00057478185
0,0,0.000398998
0,0,0.00047576157
0,0,0.00038163265
0,0,0.00042613494
0,0,0.002437863
0,0,0.0003566621
0,0,0.00045327254
0,0,0.0003477562
0,0,0.0003752432
0,0,0.0012147935
0,0,0.0004401283
0,0,0.00066369475
0,0,0.00040142305
0,0,0.0007213988
1,1,0.99460864
0,0,0.00036151506
0,0,0.0004025432
0,0,0.00036253824
0,0,0.0003395011
0,0,0.00040552396
0,0,0.0008079169
0,0,0.00034045725
0,0,0.00032708407
0,0,0.0005840882
0,0,0.00034251623
0,0,0.0004903449
0,0,0.00043568746
0,0,0.00039061674
0,0,0.006464721
0,0,0.00056412356
0,0,0.00082534715
0,0,0.00042864014
0,0,0.0003813639
0,0,0.0005066081
0,0,0.00039029776
0,0,0.0009028385
0,0,0.00037739138
0,1,0.959662
0,0,0.00042741033
0,0,0.00035191467
0,0,0.00059329864
0,0,0.00068775815
0,0,0.000432217
0,0,0.0003145894
0,0,0.00031356802
0,0,0.00042042512
0,0,0.00040779467
0,0,0.000835943
0,0,0.00031069168
0,0,0.0015495643
0,0,0.00032064016
0,0,0.00031732238
0,0,0.00081983715
0,0,0.0004142575
0,0,0.00040655583
0,0,0.00048606264
0,0,0.0003329177
1,1,0.9934924
0,0,0.0008525398
0,0,0.00033839338
0,0,0.0003216214
0,0,0.000362783
0,0,0.0003874272
0,0,0.00036562872
0,0,0.00033106172
0,0,0.00048702172
0,0,0.00036485796
0,0,0.0004038246
0,0,0.00042393
0,0,0.0003313178
0,0,0.0004273981
0,0,0.00074878393
0,0,0.00052025856
0,0,0.00056940294
0,0,0.00036440624
0,0,0.00035607367
0,0,0.00050204946
0,0,0.00039839404
0,0,0.00035353596
0,0,0.0004008621
0,0,0.00030926458
0,0,0.00033336683
0,0,0.001227509
0,0,0.0005340732
1,1,0.9956626
0,0,0.0007444658
0,0,0.000340332
0,0,0.00041684325
1,1,0.7942971
0,0,0.0004987595
0,0,0.00037678963
0,0,0.00033504047
0,0,0.00034931616
0,0,0.00048183638
0,0,0.0005825373
0,0,0.0004211628
0,0,0.00034730378
0,0,0.00093036843
0,0,0.0011607093
0,0,0.0004382985
1,0,0.007751307
0,0,0.00039979542
0,0,0.00035661174
0,0,0.00045534695
0,0,0.0003783579
0,0,0.0004621692
0,0,0.00065025914
0,0,0.00034673125
0,0,0.00039343454
0,0,0.00053226436
0,0,0.00044985802
1,1,0.99402547
0,0,0.0006855789
0,0,0.00078605046
0,0,0.0004968418
0,0,0.00032994346
0,0,0.0013327694
0,0,0.00042714638
0,0,0.00034033039
0,0,0.00043437994
0,0,0.0007355402
0,0,0.00047798114
0,0,0.00036375338
0,0,0.00034382177
0,0,0.0003861168
0,0,0.00032335232
0,0,0.00069760875
0,0,0.0005862212
0,0,0.0003856937
0,0,0.0003305442
0,0,0.0004383098
0,0,0.00034702558
0,0,0.00041168282
1,1,0.99449027
0,0,0.0030606485
0,0,0.00035762973
0,0,0.00036057938
1,1,0.992916
0,0,0.0003310292
0,0,0.00040719257
0,0,0.0021103364
0,0,0.00034944608
0,0,0.0004171435
0,0,0.0007092681
0,0,0.00042190717
0,0,0.00044936963
0,0,0.00040449438
0,0,0.0003862451
0,0,0.041380312
0,0,0.00065754546
0,0,0.00064938463
0,0,0.00036585462
0,0,0.00087808724
0,0,0.0005055982
0,0,0.0003576492
0,0,0.0011820833
0,0,0.0005830333
0,0,0.0005289962
0,0,0.0003589485
0,0,0.0005247579
0,0,0.00048893667
0,0,0.0010885369
0,0,0.0004496936
0,0,0.0016611945
0,0,0.00053472444
0,0,0.00038655894
0,0,0.00039880877
0,0,0.0004060309
0,0,0.00032374065
0,0,0.0004024492
0,0,0.003469528
0,0,0.00047099387
0,0,0.00034445434
0,0,0.00035994005
0,0,0.00034767445
0,0,0.0005221407
0,0,0.00035144898
0,0,0.00039503255
0,0,0.0006681917
0,0,0.00034931616
0,0,0.0004785301
1,1,0.99418736
0,0,0.0005815699
0,0,0.00043975314
0,0,0.000305374
0,0,0.00041238236
0,0,0.00033903954
0,0,0.00038834626
0,0,0.0007953441
0,0,0.00051008264
0,0,0.0017723967
0,0,0.00032055212
0,0,0.00036570363
0,0,0.0006661294
0,0,0.00046204674
0,0,0.00034764313
0,0,0.00047960505
0,0,0.0003188347
0,0,0.00047048813
0,0,0.00042212062
0,0,0.00046671502
0,0,0.0010394289
0,0,0.0005541653
0,0,0.003328579
0,0,0.00032312336
1,1,0.98823637
1,0,0.00094004645
0,0,0.0008670614
0,0,0.00032903504
0,0,0.0005607904
0,0,0.0003379583
0,0,0.00034392157
1,0,0.0031305428
0,0,0.00036956338
0,0,0.00034461656
0,0,0.00037768905
0,0,0.00037535428
0,0,0.00037949326
0,0,0.00038893093
0,0,0.0028547908
0,0,0.00048824187
0,0,0.00035082785
0,0,0.0005715346
0,0,0.00041459053
1,0,0.0035436582
0,0,0.036062844
0,0,0.00046607436
0,0,0.00037668043
0,0,0.0003903275
0,0,0.000353583
0,0,0.00046993978
0,0,0.00059944927
0,0,0.00075710355
0,0,0.0003416854
0,0,0.004290479
0,0,0.00034931616
0,0,0.00039813985
0,0,0.0007500309
0,0,0.0006818814
0,0,0.00033187258
0,0,0.0006448123
0,0,0.000357339
0,0,0.00033095194
0,0,0.00039398778
0,0,0.00034074855
0,0,0.000433548
0,0,0.0003261086
1,1,0.98622394
0,0,0.0004218708
0,0,0.0003778803
0,0,0.0003728532
0,0,0.00036891812
0,0,0.0003175194
0,0,0.00044120432
0,0,0.0053948103
0,0,0.0008646749
0,0,0.00043269852
0,0,0.00041328577
0,0,0.0004131209
0,0,0.00039306228
0,0,0.00039392355
0,0,0.00053009024
0,0,0.00033206187
0,0,0.00049975293
0,0,0.0003667949
0,0,0.00041971912
0,0,0.00032098335
0,0,0.00033151967
0,0,0.00040180402
0,0,0.00047855952
0,0,0.0003725691
1,1,0.9952355
0,0,0.0003367078
0,0,0.0003352977
0,0,0.00041878433
0,0,0.0010381978
0,0,0.00033786605
1,1,0.9786664
0,0,0.000363941
0,0,0.00035755476
0,0,0.00046725036
0,0,0.00031876264
0,0,0.00078607973
0,0,0.0003197366
0,0,0.00032342353
0,0,0.00039887038
0,0,0.0004605947
0,0,0.00041224912
1,1,0.85455585
0,0,0.0004461616
0,0,0.0003883418
0,0,0.13684347
0,0,0.00039907498
0,0,0.00063494575
0,0,0.0007143973
0,0,0.00042511977
0,0,0.0012650243
0,0,0.00031433365
0,0,0.00047072678
0,0,0.00034931616
0,0,0.00044437422
0,1,0.917925
0,0,0.00042689889
0,0,0.00032537256
1,1,0.99463886
0,0,0.0005569084
0,0,0.00043640117
0,0,0.0006157518
0,0,0.00048250856
0,0,0.0021929615
0,0,0.00048476178
0,0,0.0004195803
0,0,0.00102515
0,0,0.00034279173
0,0,0.0003218444
0,0,0.00045110352
0,0,0.0005426562
1,1,0.99334997
0,0,0.0008864321
0,0,0.00039588078
0,0,0.00040297493
0,0,0.00033611545
0,0,0.0005552047
0,0,0.0009528415
0,0,0.000559388
0,0,0.00036484768
0,0,0.00045217553
0,0,0.000689554
0,0,0.00065737887
0,0,0.00048000933
0,0,0.00035794286
1,0,0.007454636
0,0,0.00048268063
0,0,0.00043700603
0,0,0.00046150226
0,0,0.0003825663
0,0,0.0004012532
1,1,0.9954699
1,0,0.22113043
0,0,0.00045535472
1,0,0.0038006557
0,0,0.0004949447
0,0,0.00035582358
0,0,0.0005948631
0,0,0.00061077886
0,0,0.0008859019
0,0,0.00054951746
0,0,0.00036830737
0,0,0.00043709227
0,0,0.0011636791
0,0,0.00032034013
0,0,0.00056141615
0,0,0.0004017584
0,0,0.0003630546
0,0,0.0006759208
0,0,0.0003912701
0,0,0.00087639334
0,0,0.0004481218
0,0,0.0003479943
0,0,0.0006149641
0,0,0.00043625702
0,0,0.00033183463
0,0,0.00041772609
0,0,0.0005102302
0,0,0.00032146444
0,0,0.00034919017
0,0,0.00033206632
0,0,0.00039515534
0,0,0.00034700273
0,0,0.00032307376
0,0,0.00036857714
0,0,0.0003541506
0,0,0.00037647184
0,0,0.00040595286
0,0,0.000511196
0,0,0.0003303829
0,0,0.00032683404
0,0,0.0003237203
0,0,0.00053800043
1,1,0.99230254
0,0,0.00031858523
0,0,0.00035022048
0,0,0.00032514526
0,0,0.00041734963
0,0,0.0021252148
0,0,0.00034711257
0,0,0.00042091997
0,0,0.0006118839
0,0,0.0003656904
0,0,0.00032476205
0,0,0.00042869957
0,0,0.00047568674
0,0,0.0012119319
0,0,0.0005234281
0,0,0.00042359513
0,0,0.00038854012
0,0,0.0006913013
0,0,0.0003884433
0,0,0.00073698733
0,0,0.00031958023
0,0,0.00040950617
0,0,0.00059510523
0,0,0.0017161759
0,0,0.0009969453
0,0,0.00033206283
0,0,0.00036682378
1,1,0.99454534
0,0,0.00073745346
0,0,0.00037918877
0,0,0.00040261954
0,0,0.0003717074
0,0,0.0010839961
1,1,0.99208826
0,0,0.00048691724
0,0,0.0024658954
0,0,0.00031683384
0,0,0.0004611933
0,0,0.00032629268
0,0,0.00041546504
0,0,0.0003658309
0,0,0.0003177468
0,0,0.0004180536
0,0,0.0012246141
0,0,0.0007871659
0,0,0.00034457387
0,0,0.00040065046
0,0,0.00058865844
0,0,0.00038153445
0,0,0.0006371038
0,0,0.00078859465
0,0,0.00035153207
0,0,0.00033154624
0,0,0.00047505664
0,0,0.00038533995
0,0,0.00039103773
0,0,0.000423292
0,1,0.9717129
0,0,0.00039883007
0,0,0.00041519664
0,0,0.0010107597
0,0,0.000512276
0,0,0.00037350442
0,0,0.00034502175
0,0,0.00040416294
0,0,0.0003775323
0,0,0.00034629586
0,0,0.0004268161
0,0,0.0003452091
0,0,0.00043187413
0,0,0.00036132266
0,0,0.0005582774
0,0,0.002705466
0,0,0.00038203306
0,0,0.0003373771
0,0,0.00039813985
0,0,0.000314728
0,0,0.00035958798
0,0,0.0003332111
0,0,0.00031239475
0,0,0.0006498726
0,0,0.00036722823
0,1,0.9668529
0,0,0.00086884154
0,0,0.00035165108
1,0,0.12071046
0,0,0.00032178976
0,0,0.0003733695
0,0,0.00039114215
0,0,0.0023254913
0,0,0.00078731665
0,0,0.00033164394
0,0,0.00038964362
0,0,0.0007340025
0,0,0.0004344706
0,0,0.00042440387
0,0,0.00036838537
0,0,0.00039825792
0,0,0.00096858665
0,0,0.00043827802
1,0,0.0037657393
0,0,0.0003331555
0,0,0.0005781957
0,0,0.0003707607
0,0,0.00060932816
0,0,0.00035327638
0,0,0.0006523286
0,0,0.00037889712
0,0,0.0017744394
0,0,0.0016600988
0,0,0.00037127957
0,0,0.0003243845
1,1,0.99300873
0,0,0.00041754736
0,0,0.000711374
1,1,0.99385685
0,0,0.0004377805
0,0,0.00056366913
0,0,0.00050666736
0,0,0.0021562283
0,0,0.000787251
0,0,0.00033395275
0,0,0.0004921495
0,0,0.00032859272
1,1,0.99125767
0,0,0.00034402224
0,0,0.0008293825
0,0,0.00079437875
0,0,0.000343156
0,0,0.0009921248
0,0,0.00044092914
0,0,0.0005026581
0,0,0.0003773437
0,0,0.0007282041
0,0,0.0003431315
1,1,0.98288846
0,0,0.00093332934
0,0,0.00033912878
0,0,0.00035196068
0,0,0.0008463939
0,0,0.0004788625
0,0,0.00032441327
0,0,0.000578533
0,0,0.0012340872
0,0,0.00032625406
0,0,0.0003916514
0,0,0.0005292822
0,0,0.00035895847
0,0,0.00030618528
0,0,0.0008550329
0,0,0.0012573986
0,0,0.00034728274
1,1,0.99089795
0,0,0.00034931616
1,1,0.9953713
0,0,0.0004556904
0,0,0.00057904137
0,0,0.00040619654
0,0,0.00034952673
0,0,0.00043386384
1,0,0.0049916347
0,0,0.00048376605
0,0,0.00073324825
0,0,0.00075592124
0,0,0.00037563586
0,0,0.00041281505
0,0,0.0008165093
0,0,0.00041336517
0,0,0.0003517292
0,0,0.00035225504
1,1,0.99158126
0,0,0.00038426003
0,0,0.00037414426
0,0,0.00045741143
0,0,0.0004339917
0,0,0.0003290639
0,0,0.0004545871
0,0,0.00038815604
0,0,0.00040931223
0,0,0.002028242
0,0,0.00034931616
0,0,0.00046104082
0,0,0.00034711557
0,0,0.00031305815
0,0,0.00340362
0,0,0.00047604623
0,0,0.00032564843
0,0,0.0009423843
0,0,0.0008879005
0,0,0.0008884464
0,0,0.00049836905
0,0,0.0003617328
0,0,0.00033763098
0,0,0.00047177123
0,0,0.00040394146
0,0,0.00037703177
0,0,0.00038113495
1,1,0.905419
0,0,0.0004191188
0,0,0.0003899333
0,0,0.00038517438
0,0,0.0005134017
0,0,0.00033045284
0,0,0.00047895653
0,0,0.00038381448
0,0,0.00044720393
0,0,0.0005726907
1,1,0.9942768
0,0,0.0005755592
0,0,0.00043976615
0,0,0.0004624473
0,1,0.98804563
0,0,0.00037020582
0,0,0.00042482893
0,0,0.0003392342
0,0,0.0026976343
0,0,0.00033102228
0,0,0.00052392075
0,0,0.008452526
0,0,0.00038931152
0,0,0.0007777435
0,0,0.00035587177
0,0,0.00084121426
0,0,0.00044145103
0,0,0.002002079
0,0,0.0003899333
0,0,0.0007564977
0,0,0.00050543225
0,0,0.000504378
0,0,0.00042672845
0,0,0.00039095947
0,0,0.00057058403
0,0,0.03668089
0,0,0.0003845224
0,0,0.000332416
0,0,0.00034931616
0,0,0.00057296804
0,0,0.00033172927
0,0,0.00095358444
0,0,0.001855345
0,0,0.00034809715
0,0,0.00039322118
0,0,0.0016748746
1,0,0.019609611
0,0,0.0006093973
0,0,0.0003401977
1,1,0.50560504
0,0,0.0003477837
0,0,0.00031832352
0,0,0.00037659067
0,0,0.00059564377
1,1,0.9950088
0,0,0.00040514296
0,0,0.0004306215
1,1,0.99429566
0,0,0.00044263405
1,1,0.99609935
0,0,0.0017106883
0,0,0.00043756753
0,0,0.00056576537
0,0,0.00036888788
0,0,0.000833691
0,0,0.0004255828
0,0,0.0009188136
0,0,0.00039805754
0,0,0.0024468447
0,0,0.00038671965
0,0,0.0007267101
0,0,0.0003602547
1,1,0.990624
0,0,0.0007918574
0,0,0.00045273922
0,0,0.00036105164
0,0,0.00044010172
0,0,0.00037668116
0,0,0.0005255613
0,0,0.0004239421
0,0,0.0006875261
0,0,0.16385895
0,0,0.00032060166
0,0,0.0004846871
0,0,0.00053242105
0,0,0.00039386912
0,0,0.0004544101
0,0,0.0003308579
0,0,0.0003368733
0,0,0.0003747992
0,0,0.00034450422
0,0,0.0004654311
0,0,0.00069484557
0,0,0.00035548452
0,0,0.00044237022
1,1,0.98538405
0,0,0.0007435888
0,0,0.00036241108
0,0,0.0005620924
1,1,0.99344206
0,0,0.00032198403
0,0,0.0008171059
0,0,0.00033726086
0,0,0.0004893533
0,0,0.0006013778
0,0,0.00034117076
1,1,0.9953713
0,0,0.0004654597
0,0,0.0003585665
0,0,0.00035674436
1,1,0.99347794
0,0,0.00038781576
0,0,0.0013852654
0,0,0.0013787039
0,0,0.00053885655
1,1,0.9905025
0,0,0.00036332326
0,0,0.00040386542
0,0,0.0003935696
0,0,0.0007287862
0,0,0.0006423214
0,0,0.001536384
0,0,0.00034931616
0,0,0.00036895965
0,0,0.0014390491
0,0,0.00037162536
0,0,0.00034010917
0,0,0.0004911764
0,0,0.00036020315
0,0,0.000400089
0,0,0.00035499278
0,0,0.00045016964
0,0,0.00043749993
0,0,0.0006568068
0,0,0.0003356369
0,0,0.00034219262
1,1,0.99193794
0,0,0.00037924512
0,0,0.00034931616
0,0,0.00088315015
0,0,0.00054723537
0,0,0.00038419978
0,0,0.00036390685
0,0,0.0008191301
0,0,0.00036921407
0,0,0.0003464514
0,0,0.0007251763
0,0,0.00082228717
0,0,0.00034350494
0,0,0.00037520117
0,0,0.00047155085
0,0,0.00033714963
0,0,0.019338185
0,0,0.000436794
0,0,0.00034904087
0,0,0.001951865
1,0,0.010161602
0,0,0.000413143
0,0,0.00030871548
0,0,0.0003328206
0,0,0.00034688797
0,0,0.00052224775
1,1,0.9878186
0,0,0.000416128
0,0,0.002472729
0,0,0.0023491236
0,0,0.0007555266
0,0,0.00032893906
0,0,0.01357326
0,0,0.0004907579
0,0,0.00041407128
0,0,0.00044543832
0,0,0.00032206535
0,0,0.00043489944
0,0,0.0005210017
0,0,0.0006021865
0,0,0.0005609765
0,0,0.00041851753
0,0,0.00036141876
0,0,0.00034775585
1,1,0.99429566
0,0,0.00034055594
0,0,0.0011402773
0,0,0.0009736124
0,0,0.00053161936
0,0,0.00033486582
0,0,0.0008721311
0,0,0.00038068392
0,0,0.00033477548
0,0,0.00051063986
0,0,0.00038796623
0,0,0.00053195516
0,0,0.00035300708
0,0,0.0004427187
0,0,0.0005699095
0,0,0.00046519248
0,0,0.00042680063
0,0,0.0004094367
0,0,0.0004902369
1,1,0.9931797
0,0,0.0011260546
0,0,0.0003151931
0,0,0.00036678408
0,0,0.0005979101
0,0,0.0007665748
0,0,0.0006145238
0,0,0.00050886394
0,0,0.0004294063
0,0,0.0013688483
0,0,0.007723067
0,0,0.0004897049
0,0,0.00059277547
0,0,0.0004945184
0,0,0.00055668945
0,0,0.00035721844
0,0,0.00042215077
0,0,0.00033062394
0,0,0.00039554035
1,1,0.99176687
0,0,0.0008289397
0,0,0.00059529865
0,0,0.35434836
0,0,0.00047439986
0,0,0.00034512155
0,0,0.00034825946
0,0,0.00047376085
0,0,0.0033225697
0,0,0.00037896074
0,0,0.00039157007
0,0,0.0004063629
0,0,0.00044259193
0,0,0.0003752432
0,0,0.0026979793
0,0,0.00065513415
0,0,0.00058039976
0,0,0.0004952139
0,0,0.00041775836
0,0,0.0036814548
0,0,0.0003492979
0,0,0.0003930814
0,0,0.00047328486
0,0,0.00048230324
0,0,0.00069234107
0,0,0.0005084988
0,0,0.0003218821
0,0,0.00043081227
0,0,0.000402676
0,0,0.0004540611
0,0,0.0032426189
1,1,0.9923469
0,0,0.00035562247
0,0,0.0003641369
0,0,0.00043758377
1,1,0.9852426
0,0,0.0007126932
0,0,0.00042679493
1,1,0.99511236
0,0,0.00033980745
0,0,0.0005583881
0,0,0.00035116178
0,0,0.0004383344
0,0,0.00037742918
0,0,0.00056012615
0,0,0.00035029964
0,0,0.00034076377
0,0,0.0007602348
0,0,0.0004331566
0,0,0.00033038858
0,0,0.00048796876
0,0,0.0011402773
0,0,0.00035498905
0,0,0.00052438944
0,0,0.00037624905
0,0,0.0006927169
0,0,0.00053981267
0,0,0.0004241871
0,0,0.009066961
0,0,0.00032940478
0,0,0.017960634
0,0,0.00035706765
0,0,0.0006072654
0,0,0.0003393765
0,0,0.0004472227
0,0,0.00037454505
1,1,0.9925364
0,0,0.000413634
0,0,0.00065819034
0,0,0.00034212935
0,0,0.00039728166
0,0,0.0005176727
0,0,0.00046466195
0,0,0.00039211207
0,0,0.002856189
0,0,0.00031260005
0,0,0.0003952269
0,0,0.00036911725
0,0,0.0007112696
0,0,0.00034642263
0,0,0.00038449012
0,0,0.00087006064
0,0,0.0006212486
0,0,0.0004294063
0,0,0.0008018735
0,0,0.00049191824
1,1,0.99024105
0,0,0.0006321206
0,0,0.00032811315
0,0,0.00054189074
0,0,0.00034605956
0,0,0.0003424328
0,0,0.00040151452
0,0,0.0006601155
0,0,0.0004685873
0,0,0.00054591626
0,0,0.00036616586
0,0,0.00040257274
0,0,0.00042509628
0,1,0.958143
0,0,0.00035815616
0,0,0.00041672424
0,0,0.00045810957
0,0,0.00032172012
0,0,0.00042131092
0,0,0.0003146212
0,0,0.00035779548
0,0,0.00033118168
0,0,0.0019173431
0,0,0.0004021301
0,0,0.000741355
0,0,0.003692797
0,0,0.0014813386
1,1,0.99274606
0,0,0.00079816167
0,0,0.0010613255
0,0,0.00038188795
0,0,0.0003322338
1,0,0.0016203253
0,0,0.0003899333
0,0,0.0005060893
0,0,0.00038009425
0,0,0.000365156
0,0,0.0005087145
0,0,0.0003598793
0,0,0.0006744839
0,0,0.0004133068
0,0,0.00042222283
0,0,0.0003744724
0,0,0.00041938212
1,1,0.61889666
0,0,0.00034491945
0,0,0.00040502244
0,0,0.00044355597
0,0,0.0010688809
0,0,0.0008708506
1,1,0.98859906
0,0,0.0003163808
0,0,0.00036471552
0,0,0.00033156364
0,0,0.0003285404
0,0,0.0004481218
0,0,0.001294161
0,0,0.0007990623
0,0,0.0003365512
0,0,0.00053771853
0,0,0.00037608086
0,0,0.0004040485
0,0,0.0005203563
0,0,0.00060748914
0,0,0.0009678967
0,0,0.0003188289
0,0,0.00035335287
0,0,0.00034560822
0,0,0.0022248672
0,0,0.00080524303
0,0,0.00048759123
0,0,0.0003926642
0,0,0.0004158829
0,0,0.0004649176
0,0,0.00032595627
0,0,0.00038447403
0,0,0.0003913342
0,0,0.00042426836
0,0,0.0003536339
0,0,0.00037104814
0,0,0.00057942973
0,0,0.00037523892
0,0,0.0007126086
0,0,0.00032565682
1,1,0.98865414
0,0,0.0003379345
0,0,0.0003761816
0,0,0.0003645494
1,1,0.9931617
0,0,0.0003646547
0,0,0.00039983148
0,0,0.0003292299
0,0,0.00032145067
0,0,0.00039182135
0,0,0.0004769617
0,0,0.00032785456
0,0,0.000491855
0,0,0.00036399686
0,0,0.0047489977
0,0,0.00075806805
0,0,0.00038329416
0,0,0.00054009474
0,0,0.0003713323
0,0,0.0012733064
0,0,0.0003491324
0,0,0.0003569087
0,0,0.0005764574
0,0,0.0003772396
1,1,0.98672533
0,0,0.00035333398
0,0,0.0021728228
0,0,0.00034242694
0,0,0.00034386633
0,0,0.00035215533
0,0,0.00044130272
0,0,0.00041323632
1,1,0.9882712
0,0,0.0003855112
0,0,0.00039948153
0,0,0.00034931616
0,0,0.00040012677
0,0,0.00036901594
0,0,0.00034838266
0,0,0.00032877008
0,0,0.00035465724
0,0,0.00048592227
0,0,0.00038395793
0,0,0.00041702745
0,0,0.0075993105
0,0,0.00034452294
0,0,0.00035024722
0,0,0.00034931616
0,0,0.00041129682
0,0,0.00039712735
0,0,0.00031779468
0,0,0.000628285
0,0,0.00036096014
0,0,0.00069253606
0,0,0.00033989103
0,0,0.00048495908
0,0,0.00043454018
0,0,0.0005077045
0,0,0.0003930634
0,0,0.00037253203
0,0,0.00033749742
0,0,0.00043881204
0,0,0.0047077937
0,0,0.0033549084
0,0,0.00044227808
0,0,0.00039813985
0,0,0.00062294555
0,0,0.0003287312
0,0,0.00044330044
0,0,0.00034931616
0,0,0.0003299894
1,0,0.072786435
0,0,0.0006823679
0,0,0.00034734627
0,0,0.39807847
0,0,0.00034640546
0,0,0.00051802665
0,0,0.00042587807
0,0,0.00036030702
0,0,0.002099371
0,0,0.00038379838
0,0,0.00059912424
0,0,0.0013914766
0,0,0.0003418786
0,0,0.00040434234
0,0,0.00038392097
0,0,0.00052812335
0,0,0.000415254
0,0,0.000358953
0,0,0.00035870532
0,0,0.00070088304
0,0,0.00045821175
0,0,0.00044375323
0,0,0.00034949605
0,0,0.0013021945
0,0,0.00035382682
0,0,0.0006090051
0,0,0.00039041537
0,0,0.0006678078
0,0,0.00041800537
0,0,0.00036598754
0,0,0.0003559812
0,0,0.00032999885
0,0,0.0003764338
0,0,0.00051625335
1,1,0.9812898
0,0,0.00035693185
0,0,0.00035608115
1,1,0.9944364
0,0,0.00038361258
0,0,0.0005370485
0,0,0.00089643773
0,0,0.00035743206
0,0,0.000365156
0,0,0.00036031133
0,0,0.00036895965
0,0,0.00031662974
0,0,0.00038213504
0,0,0.00034836007
0,0,0.0007309563
0,0,0.000674462
0,0,0.00033187447
0,0,0.0005683486
0,0,0.00041744427
0,0,0.0005011961
0,0,0.00044434308
0,0,0.00057004095
0,0,0.0003177968
0,0,0.00068756926
0,0,0.0005198001
0,0,0.00033457475
0,0,0.00036663146
0,0,0.00041861905
0,0,0.00041704552
1,1,0.9671774
0,0,0.00130843
0,0,0.0029462453
0,0,0.00033441026
0,0,0.0005989388
0,0,0.00032556587
0,0,0.00034680398
0,0,0.0004911354
0,0,0.00045250624
0,0,0.00034647682
0,0,0.00039984158
0,0,0.00037824933
0,0,0.00033312026
0,0,0.00033575483
0,0,0.00031695017
0,0,0.00040760633
0,1,0.94832456
0,0,0.00034333993
0,0,0.000554915
0,0,0.0003894867
0,0,0.0003760303
1,0,0.46554387
0,1,0.7577321
0,0,0.00038265562
0,0,0.00038344326
1,0,0.006099698
0,0,0.0015851167
0,0,0.00045755447
0,0,0.00039687433
0,0,0.002371533
0,0,0.00047959268
0,0,0.00034229687
0,0,0.00042714638
0,0,0.00043399644
0,0,0.00046834076
0,0,0.0003739569
0,0,0.0013800018
0,0,0.0003669621
0,0,0.0003518352
0,0,0.00040152716
0,0,0.00038032333
1,0,0.00360153
0,0,0.0004019971
0,0,0.00057537603
0,0,0.00044745381
0,0,0.0011330358
0,0,0.0007851125
0,0,0.00041785394
0,0,0.0003614305
1,1,0.9901354
0,0,0.00046349718
1,1,0.99387145
0,0,0.00040306846
0,0,0.0009925182
0,0,0.00034038653
0,0,0.0003917597
0,0,0.00033306467
0,0,0.00037347202
0,0,0.01842875
0,0,0.001086691
0,0,0.00041537813
0,0,0.000523257
0,0,0.0005183514
0,0,0.0005152212
0,0,0.07661823
0,0,0.0004256027
0,0,0.00032605568
0,0,0.0005171544
0,0,0.00034931616
0,0,0.0003619315
0,0,0.00042236812
0,0,0.0003535604
0,0,0.00045709475
0,0,0.0003402457
0,0,0.0028823032
0,0,0.00039320844
1,1,0.9899421
0,0,0.0008889599
0,0,0.00036895438
0,0,0.0003867956
0,0,0.00036675276
0,0,0.0003423318
0,0,0.0004108844
0,0,0.00042808597
0,1,0.9495365
0,0,0.00050142396
0,0,0.0009348112
0,0,0.0003809119
0,0,0.00033449664
0,0,0.00032267757
0,0,0.0003759873
0,0,0.00049923157
0,0,0.00040772525
0,0,0.00044820918
0,0,0.00040787805
0,0,0.00033917144
0,0,0.00032216057
0,0,0.00036356994
0,0,0.00033566775
0,0,0.00051848555
0,0,0.00049217435
0,0,0.00048388643
0,0,0.00037454505
0,0,0.0005658012
0,0,0.00036545304
1,1,0.99450314
0,0,0.00056368095
0,0,0.0018985198
0,0,0.00041204307
0,0,0.00055967434
0,0,0.0003292726
0,0,0.00036280547
0,0,0.00044554446
1,1,0.99609935
0,0,0.00047069677
0,0,0.00040092703
0,0,0.00032336684
0,0,0.00044256047
0,0,0.00037908828
1,1,0.9920438
0,1,0.99318177
0,0,0.00038984237
0,0,0.00036431313
0,0,0.0010292483
0,0,0.0003393854
0,0,0.00039847454
0,0,0.0006419634
0,0,0.000410623
0,0,0.0005195128
0,0,0.00043732775
0,0,0.0009987695
1,1,0.9025854
0,0,0.0006927358
0,0,0.00078783336
0,0,0.00039621
0,0,0.00035401742
0,0,0.00034058484
0,0,0.00046808197
0,0,0.001695712
1,1,0.9943657
0,0,0.00032258715
0,0,0.00033209953
0,0,0.00039064803
0,0,0.000746121
0,0,0.00042112626
0,0,0.00080372894
0,0,0.00036339153
0,0,0.00052500155
0,0,0.00037684137
0,0,0.00038259287
0,0,0.0004343331
0,0,0.00039821383
0,0,0.0005462515
0,0,0.00047956756
0,0,0.00067659107
0,0,0.00035486216
0,0,0.00037801827
0,0,0.00041481745
0,0,0.0003233822
0,0,0.00048783526
0,0,0.00050024624
0,0,0.00037697432
0,0,0.0022679793
1,1,0.98939663
0,0,0.00037559573
0,0,0.0003399416
0,0,0.006014299
0,0,0.0009894081
0,0,0.0006192564
0,0,0.002523507
0,0,0.00051490846
0,0,0.0004697434
0,0,0.0005381164
0,0,0.00036242712
0,0,0.0003422138
0,0,0.00036182348
0,0,0.0006607459
0,0,0.00031138616
0,0,0.00031496963
0,0,0.0003538501
0,0,0.00042229122
0,0,0.00044566763
0,0,0.00035723447
0,0,0.00047770655
0,0,0.00061806716
0,0,0.00032129593
0,0,0.0003319881
0,0,0.0003357036
0,0,0.000690968
0,0,0.00030256092
0,0,0.00036627828
0,0,0.0003505041
0,0,0.0004023744
0,0,0.00053302967
0,0,0.0004603147
0,0,0.00065529085
0,0,0.0003293222
0,0,0.00034696702
0,0,0.00033615323
0,0,0.00066512777
0,0,0.00031748216
0,0,0.0004026326
0,1,0.9934709
0,0,0.00033548908
0,0,0.00038992843
0,0,0.0006955356
0,0,0.00031385873
0,0,0.00038194458
0,0,0.00035335287
0,0,0.00034546788
0,0,0.00034239856
0,0,0.0003652859
0,0,0.0012628393
0,0,0.00070779806
0,0,0.0011451588
0,0,0.00036033505
0,0,0.00041184496
1,1,0.9901545
0,0,0.0003413834
0,0,0.0003516291
0,0,0.00038660355
1,1,0.9288243
0,0,0.00036350865
0,0,0.00041321857
0,0,0.00038341677
0,0,0.000666452
0,0,0.0017273411
0,0,0.00040149543
0,0,0.00053845556
0,0,0.00030437758
1,0,0.005506168
0,0,0.00045120803
1,0,0.0857468
0,0,0.0006452995
0,0,0.00035119613
0,0,0.0005831417
0,0,0.00032897765
0,0,0.00039182135
0,0,0.0012267284
0,0,0.00039148796
0,0,0.00053643336
0,0,0.00057072437
0,0,0.00042326696
0,0,0.00047482192
0,0,0.0007625766
0,0,0.0020989499
0,0,0.0009718127
0,0,0.0003566055
0,0,0.00041238472
0,0,0.44069842
0,0,0.00032011236
1,0,0.38152757
0,0,0.00037126007
0,0,0.00033787265
0,0,0.00046394783
0,0,0.0006520402
0,0,0.00038589328
0,0,0.0005727046
0,0,0.00032629422
1,0,0.0034071251
0,0,0.0010647507
0,0,0.00038870296
0,0,0.0006344027
0,0,0.0005267439
0,0,0.0004309648
0,0,0.0003619315
0,0,0.0017489942
0,0,0.00070664054
0,0,0.0004224648
0,0,0.00044044585
0,0,0.0003713362
0,0,0.0011620844
0,0,0.00037961843
0,0,0.0005057069
0,0,0.00063866196
0,0,0.00048114703
1,0,0.22860968
0,0,0.00043600737
0,0,0.0003951908
0,0,0.00036577962
0,0,0.00033846826
0,0,0.00050490594
0,0,0.001190753
0,0,0.00037680936
0,0,0.00722027
0,0,0.00066140835
0,0,0.0004313191
0,0,0.00038938574
0,0,0.0004657402
0,0,0.00097164087
0,0,0.0005224312
0,0,0.00038810648
0,0,0.0003401043
0,0,0.00037907637
0,0,0.00037279635
0,0,0.00054785045
0,0,0.010372992
0,0,0.00040284105
0,0,0.00038014195
1,1,0.9935539
0,0,0.00043073687
0,0,0.00040837354
0,0,0.00040007528
0,0,0.0003768848
0,0,0.00035665906
0,0,0.0004121016
0,0,0.0008383939
0,0,0.00038739046
0,0,0.00032501202
0,0,0.0004357032
1,1,0.9445603
0,0,0.00036530156
0,0,0.0022050817
0,0,0.002224866
0,0,0.00031424017
0,0,0.00040405642
0,0,0.000489809
0,0,0.00035669713
0,0,0.00072648434
0,0,0.0003855906
0,0,0.00032791457
0,0,0.00037089965
0,0,0.00052286015
0,0,0.0017821792
1,1,0.991344
0,0,0.0004556522
0,0,0.00039982214
0,0,0.00034094366
0,0,0.00039731708
0,0,0.00033891998
0,0,0.00066897704
1,1,0.97515476
0,0,0.0005365479
0,0,0.00038393834
0,0,0.00033960163
0,0,0.00033569016
0,0,0.0003417929
0,0,0.0008438765
0,0,0.0013369598
0,0,0.00036357655
0,0,0.0004066024
0,0,0.0006062585
0,0,0.0015402663
1,1,0.9872399
0,0,0.0007736072
0,0,0.00042432017
0,0,0.0003934702
0,0,0.00035051146
0,0,0.0004650071
0,0,0.00033499257
0,0,0.00042003268
0,0,0.0003295791
0,0,0.00075613015
0,0,0.00033109204
0,0,0.0003441651
0,0,0.0007739803
0,0,0.0003914891
0,0,0.00034729418
0,0,0.00046472778
1,1,0.99036914
0,0,0.00069202477
0,0,0.00032658764
0,0,0.00035871132
0,0,0.00037166665
0,0,0.0003663576
0,0,0.0003810968
0,0,0.00044228527
0,0,0.00035174916
0,0,0.00044789547
0,0,0.00037994212
0,0,0.00037197428
0,0,0.0005100819
0,0,0.0018999624
0,0,0.00035131752
0,0,0.00038806055
0,0,0.00037395154
0,0,0.00034606882
0,0,0.00035865128
0,0,0.00038162756
0,0,0.00047002104
0,0,0.0003986911
0,0,0.00041995506
0,0,0.00051921996
1,1,0.9720771
0,0,0.00041927162
0,0,0.000370489
0,0,0.00042713498
0,0,0.00037497462
0,0,0.0006049126
0,0,0.00033182546
0,0,0.0004034475
0,0,0.0004102814
0,0,0.00043518998
0,0,0.0004996645
0,0,0.00038582442
0,0,0.0023671384
0,0,0.0003414773
0,0,0.0025153905
1,1,0.97515476
1,1,0.9948172
0,0,0.00036291895
0,0,0.0006719816
0,0,0.0011290394
0,0,0.0011301457
0,0,0.0005257342
0,0,0.0003571594
0,0,0.0003659753
0,0,0.0034301174
1,0,0.007289419
0,0,0.00043866926
0,0,0.00039064058
0,1,0.96819746
0,0,0.0041409153
0,0,0.00031677377
1,1,0.99434495
0,0,0.00067368086
0,0,0.000671258
1,1,0.9905433
0,0,0.00031601032
0,0,0.00035231348
0,0,0.00032564937
0,0,0.0006976334
0,0,0.00033830502
0,0,0.00032521656
0,0,0.00040479936
1,1,0.99315554
0,0,0.00070187065
0,1,0.993891
0,0,0.00066383334
0,0,0.00037079284
0,0,0.00032963912
0,0,0.0005272809
0,0,0.00035050677
0,0,0.00032041676
0,0,0.00035198545
0,0,0.0003914962
0,0,0.0010168107
0,0,0.00057267945
0,0,0.0054552606
0,0,0.00040949855
0,0,0.00035571368
0,0,0.0004808446
0,0,0.00036732422
0,0,0.00037464593
0,0,0.0003778803
0,0,0.00384611
0,0,0.0021932789
0,0,0.0004096407
0,0,0.00039813985
1,1,0.98932767
1,1,0.989922
0,0,0.000547455
0,0,0.00035468274
0,0,0.0008824327
0,0,0.00036283833
0,0,0.0006255562
0,0,0.00056588696
0,1,0.95793796
0,0,0.0003579345
0,0,0.00045304792
0,0,0.00036423324
0,0,0.0008575218
0,0,0.00034626498
0,0,0.0006087124
0,0,0.0003824443
0,0,0.0003975158
0,0,0.000570951
0,0,0.00033386835
0,0,0.0003674874
0,0,0.000315745
0,0,0.0006910609
0,0,0.00063271495
0,0,0.00047587766
0,0,0.00048464947
0,0,0.00053830544
0,0,0.00040402118
0,0,0.00037427057
0,0,0.0003454524
0,0,0.0003803817
0,0,0.0003401831
0,0,0.00049866014
0,0,0.0006010721
0,0,0.00035391384
1,1,0.99454594
0,0,0.00042846485
1,1,0.9947353
0,0,0.0004784808
0,0,0.00042402215
0,0,0.00037328372
1,1,0.97213745
0,0,0.0003741031
0,0,0.0003659209
1,1,0.94684935
0,0,0.00037526968
0,0,0.0004186825
0,0,0.0003756104
0,0,0.00045198528
0,0,0.00034931616
0,0,0.00040810986
0,0,0.0003811818
1,0,0.0008926517
0,0,0.00067659107
0,0,0.00041256525
0,0,0.0005382288
0,0,0.0016812916
0,0,0.00045748078
0,0,0.00040980027
0,0,0.0013936689
0,1,0.87775373
0,0,0.00038922837
0,0,0.001214847
0,0,0.0004459405
0,0,0.0007728243
0,0,0.00036938986
0,0,0.00036365245
0,0,0.000716838
0,0,0.00034114183
0,0,0.00036795752
0,0,0.00033002216
0,0,0.0017965476
0,0,0.00034931616
0,0,0.00035096885
0,0,0.0003859363
0,0,0.00038699957
0,0,0.00039056942
0,0,0.0008337053
0,0,0.0007509349
0,0,0.2119128
0,1,0.79309833
0,0,0.00040800328
0,0,0.00045057992
0,0,0.0006095791
0,0,0.00037672426
0,0,0.00055654865
0,0,0.00046406616
0,0,0.00042964378
0,0,0.0004853843
0,0,0.00039393033
0,0,0.00050057535
0,0,0.00057073665
0,0,0.00058273313
0,0,0.00041223384
0,0,0.0003346619
0,0,0.0004339925
0,0,0.0003819404
0,0,0.00031820123
0,0,0.00035255303
0,0,0.00039153048
1,0,0.02040823
0,0,0.00038187084
0,0,0.00040918036
1,0,0.0033562514
0,0,0.000514126
0,0,0.00059075205
0,0,0.0004195119
0,0,0.00035482258
0,0,0.0004182573
0,0,0.00031689098
0,0,0.00036022376
0,0,0.00032831528
1,1,0.99359775
0,0,0.00039813985
0,0,0.00051293505
0,0,0.0004798593
0,0,0.00037957687
0,0,0.0004490076
0,0,0.00033024087
0,0,0.0036180546
0,0,0.0004215576
0,0,0.00048398122
0,0,0.00036164554
0,0,0.00046203638
0,0,0.00034931616
0,0,0.002523932
0,0,0.0004913463
0,0,0.00058625336
0,0,0.0008846864
0,0,0.00063625
0,0,0.00034931616
0,0,0.0005041809
1,1,0.7620293
0,0,0.0003592388
0,1,0.94528157
0,0,0.0003657392
0,0,0.00033467752
0,0,0.00039146145
0,0,0.00033332896
0,0,0.0006275728
0,0,0.0004804566
0,0,0.010020867
0,0,0.00050251203
1,0,0.010801006
0,0,0.067936905
0,0,0.00035075378
0,0,0.00037127212
0,0,0.0005315917
0,0,0.0005357501
0,0,0.00038250972
0,0,0.00034602324
0,0,0.00071758445
0,0,0.00036039038
0,0,0.0006704374
0,0,0.0003931129
0,0,0.00035761885
0,0,0.0007868373
0,0,0.00035993577
0,0,0.00036335894
0,0,0.0003844788
0,0,0.0010137878
0,0,0.00034931616
0,0,0.0025827533
0,0,0.00039362683
0,0,0.00049770635
0,0,0.00036146355
0,0,0.00038302972
1,1,0.9942907
1,1,0.8247746
0,0,0.00050911814
0,0,0.00039785527
0,0,0.00077446125
0,0,0.00033752833
0,0,0.00040518158
0,0,0.00068916543
0,0,0.00032614835
0,0,0.0004226569
0,0,0.000338856
1,1,0.9935104
0,1,0.9415827
0,0,0.0004345327
0,0,0.0008353187
0,0,0.00031360926
1,1,0.5065483
0,0,0.00079256785
0,0,0.00044162618
0,0,0.00033513218
0,0,0.0027165597
0,0,0.00038666508
0,0,0.00044071375
1,1,0.99335325
1,1,0.9956831
0,0,0.00061878096
0,0,0.0029123293
0,0,0.00042015023
0,0,0.0004346319
0,0,0.00033537127
0,0,0.0003488945
0,0,0.00045114398
0,0,0.00038724404
0,0,0.0022277199
0,0,0.000986253
0,0,0.0012659729
0,0,0.020315671
0,0,0.0003880506
0,0,0.00068122667
0,0,0.00040597378
1,1,0.99395
0,0,0.003986492
0,0,0.00081978913
0,0,0.00044756685
0,0,0.0005026739
0,0,0.0013482312
0,0,0.0003575236
0,0,0.00033389224
0,0,0.0003559464
0,0,0.0005081313
0,0,0.00039487815
0,0,0.0009845382
0,0,0.00032125151
0,0,0.00031815603
0,0,0.00039312599
0,0,0.00034560822
0,0,0.0014111686
0,0,0.0006507923
0,0,0.0005055368
0,0,0.00037310264
0,0,0.00035779818
0,0,0.0003814717
0,0,0.0004294063
0,0,0.001345426
0,0,0.00040185076
0,0,0.08155812
0,0,0.00044213264
0,0,0.00038849402
0,0,0.00045606866
0,0,0.011978931
0,0,0.0003829627
0,0,0.00039728623
0,0,0.0003887593
0,0,0.00034824453
0,0,0.00040165847
0,0,0.0005526301
1,1,0.98133296
0,0,0.00039654743
0,0,0.00037127957
0,0,0.0007215404
0,0,0.00037390555
0,1,0.656683
0,0,0.0005703728
0,0,0.0003572515
0,0,0.00041149196
0,0,0.0016691159
0,0,0.00036267858
0,0,0.0004300351
0,0,0.00094550825
0,0,0.00039617883
0,0,0.00056138076
0,0,0.00038822636
0,0,0.0003624881
0,0,0.0005208235
0,0,0.00038841346
0,0,0.0007379343
0,0,0.00037928385
0,0,0.0013082317
1,1,0.9913727
0,0,0.0015587832
0,0,0.00037904346
0,0,0.00033393173
0,0,0.00031496363
0,0,0.000506983
0,0,0.0004050495
0,0,0.000571393
1,0,0.2658689
0,0,0.00049068173
0,0,0.00037889712
0,0,0.00040592634
0,0,0.00049705495
0,0,0.0016514772
0,0,0.00034084974
0,0,0.0008702716
0,0,0.00037422724
0,0,0.007408798
0,0,0.00036336033
0,0,0.0003646573
0,0,0.0004879404
0,0,0.00047569038
0,0,0.00031861072
0,0,0.00048148952
0,0,0.0006635126
1,1,0.98693943
0,0,0.0007577145
0,0,0.00069329975
0,0,0.0015612408
0,0,0.00040203676
0,0,0.0009821904
0,0,0.00042032555
0,0,0.00033349838
0,0,0.00031334272
0,0,0.00045491697
0,0,0.00037554774
0,0,0.0003283256
0,0,0.0007220416
0,0,0.00041897956
0,0,0.00039813263
0,0,0.00040210597
0,0,0.0008951515
0,0,0.00036119972
0,0,0.00044487667
0,0,0.00038527462
0,0,0.0005672549
0,0,0.0016973512
0,0,0.00047948345
0,0,0.0009426712
1,1,0.9928758
0,0,0.00060560455
0,0,0.0012385278
0,0,0.00039444552
0,0,0.000336276
0,0,0.00042948843
0,0,0.00081622845
0,0,0.0007584756
0,0,0.0005348999
0,0,0.00047516738
0,0,0.00035273557
0,0,0.0005313321
0,0,0.00030762868
0,0,0.00045282903
0,0,0.0004309295
0,0,0.0003399121
0,0,0.03424599
0,0,0.0019842773
0,0,0.00031522918
1,0,0.0061542667
1,1,0.908844
1,1,0.99215174
0,0,0.0010166061
0,0,0.00052318914
0,0,0.00037065538
0,0,0.000485528
0,0,0.00046509271
0,0,0.00032273852
0,0,0.00043479208
0,0,0.0003695789
0,0,0.00038056888
0,0,0.0008188995
0,0,0.0003909207
0,0,0.0004991498
0,0,0.0004488362
0,0,0.0005733012
0,0,0.0046474584
1,1,0.9938724
0,0,0.00065824407
0,0,0.00047314682
0,0,0.0003678214
0,0,0.0005287172
0,0,0.00070106075
0,0,0.0003857369
0,0,0.00063338096
0,0,0.00045703634
0,0,0.0005215503
0,0,0.00033948233
0,0,0.00041038665
0,0,0.0003459867
0,0,0.0004266414
0,0,0.0005270256
1,1,0.99429566
1,1,0.991668
0,0,0.0008210595
0,0,0.00042551185
0,0,0.000355296
0,0,0.002155702
0,0,0.00039566762
0,0,0.00042216503
0,0,0.00049690384
0,0,0.00090462173
0,0,0.00039070143
0,0,0.00030465864
0,0,0.00031955924
0,0,0.00049820455
0,0,0.0003566706
0,0,0.0005248845
0,0,0.0004673875
0,0,0.00037399115
0,0,0.0004912763
0,0,0.0012371271
0,0,0.00031730725
0,0,0.0005325848
0,0,0.00034708678
0,0,0.0003423845
0,0,0.00048061094
0,0,0.0003740257
0,0,0.00033262078
0,0,0.0004865651
0,0,0.00033504877
0,0,0.00047036415
1,0,0.002048255
0,0,0.0004432028
0,0,0.0003920175
0,0,0.00035876548
0,0,0.0005347239
0,0,0.0004071485
0,0,0.0003353479
0,0,0.00035794458
0,0,0.00036337247
0,0,0.00073766714
0,0,0.00046775452
0,0,0.00051879726
0,0,0.00040426233
0,0,0.00039485877
0,0,0.0003591053
0,0,0.00081968366
0,0,0.00037818064
0,0,0.0015960642
0,0,0.0023815075
0,0,0.0011018923
0,0,0.00033927237
0,0,0.0006190585
0,0,0.00045085032
0,0,0.00037512233
0,0,0.00044026136
0,0,0.00059215183
0,0,0.0005902299
0,0,0.0003886807
0,0,0.00031946844
0,0,0.00035058393
0,0,0.00031209885
0,0,0.00052289723
0,0,0.0012465601
0,0,0.0003487309
0,0,0.00073622965
1,1,0.9919269
0,0,0.0005010852
0,0,0.00044886765
0,0,0.0044369656
0,0,0.00040749853
0,0,0.00034659693
0,0,0.00068084465
0,0,0.0010526148
0,0,0.000692569
0,0,0.00041222677
0,0,0.0003309336
0,0,0.00040927788
0,0,0.00035081414
0,0,0.00046116806
1,1,0.9883709
0,0,0.0003403471
0,0,0.00039081823
0,0,0.00061014184
0,0,0.0003269416
0,0,0.0012208207
1,0,0.0042647845
0,0,0.0003286839
0,0,0.0003248757
0,0,0.00039869815
0,0,0.0003766126
0,0,0.00033190267
0,0,0.0004079298
0,0,0.00036681432
0,0,0.0006556976
0,0,0.00038722027
0,0,0.00037920757
0,0,0.00043758797
0,0,0.00033338234
0,0,0.0004005015
0,0,0.00054437615
0,0,0.0003519853
0,0,0.00039235022
0,0,0.0005401954
0,0,0.00041704552
0,0,0.00035949887
0,0,0.00065958156
0,0,0.00051105034
0,0,0.0004481218
0,0,0.00037191118
0,0,0.0005718752
0,0,0.00045922515
0,0,0.00035481146
1,1,0.99432606
0,0,0.00046445205
0,0,0.0003482452
0,0,0.00036051287
0,0,0.00040554366
0,0,0.00035317452
0,0,0.00036481555
0,0,0.0010986797
0,0,0.00034186622
0,0,0.00038332594
0,0,0.00039811517
0,0,0.0005533907
0,0,0.00034609155
0,0,0.00035621526
0,0,0.0020869856
0,0,0.000375384
0,0,0.00042948022
0,0,0.0019379983
0,0,0.0003722067
0,0,0.0018980436
0,0,0.0005310699
1,1,0.99240196
0,0,0.0012272351
0,0,0.00035983213
0,0,0.00073352986
1,1,0.9843515
0,0,0.00053859514
0,0,0.00033458817
0,0,0.000619603
0,0,0.0003397135
0,1,0.98094326
0,0,0.00053433544
0,0,0.0008859019
0,0,0.00036973777
0,0,0.0004069473
0,0,0.00032072977
0,0,0.0004978781
0,0,0.00039818464
0,0,0.00033993737
0,0,0.0004970346
1,1,0.9664011
0,0,0.000529818
0,0,0.0005080105
0,0,0.00075313926
0,0,0.00080352335
0,0,0.00035128483
0,0,0.0003580705
0,0,0.0005439026
0,0,0.00047594577
0,0,0.00035656674
0,0,0.00037377956
1,0,0.0116116265
0,0,0.0005912537
0,0,0.00065858354
0,0,0.0003305193
0,0,0.0039955163
0,0,0.00043603772
0,0,0.00038161487
0,0,0.00051803206
0,0,0.00039648564
0,0,0.00033479143
0,0,0.0026060764
1,1,0.9927811
0,0,0.00038557258
0,0,0.0005056242
0,0,0.00078073796
0,0,0.0006072422
0,0,0.00032366137
0,0,0.00034699196
0,0,0.00034276597
0,0,0.00034931616
1,1,0.9953713
0,0,0.0004472926
0,0,0.00042337473
0,0,0.001682506
1,0,0.007855874
0,0,0.0004948874
0,0,0.00068404584
0,0,0.00041207625
0,0,0.0004400119
0,0,0.0017624014
1,1,0.99288905
0,0,0.00068017206
1,1,0.990338
0,0,0.0004560291
0,0,0.00039872745
0,0,0.00033327812
0,0,0.00045623956
0,0,0.00032796615
0,0,0.00033598216
0,0,0.00032622332
0,0,0.26924977
1,0,0.019731991
0,0,0.0003881834
0,0,0.0021749497
0,0,0.00034585755
0,0,0.00048079653
0,0,0.00032951156
0,0,0.0006111731
0,0,0.00034931616
0,0,0.00034942312
0,0,0.00042772497
0,0,0.0021016581
0,0,0.00039919867
0,0,0.0003073159
0,0,0.00032672752
0,0,0.0010259554
0,0,0.00046698962
0,0,0.00041782012
0,0,0.00042273386
0,0,0.0005349069
0,0,0.00035968365
0,0,0.0012575327
0,0,0.07576811
0,0,0.00032389932
0,0,0.0003945956
0,0,0.00037454505
0,0,0.0035378693
0,0,0.002191024
0,0,0.0003574787
0,0,0.0006187842
0,0,0.00089592417
0,0,0.0003973534
0,0,0.00034060612
0,0,0.00047404002
0,0,0.0003582986
0,0,0.00034411126
0,0,0.0005122198
0,0,0.00074499456
0,0,0.0006996378
1,1,0.99596334
0,0,0.00045970606
0,0,0.00046232698
0,0,0.0017131468
0,0,0.0003387885
0,0,0.00047829066
0,0,0.00036612243
0,0,0.0003323567
0,0,0.0003467557
0,0,0.00049339567
0,0,0.0006343609
0,0,0.0005077597
0,0,0.0005190238
0,0,0.00035858498
0,0,0.0003654078
0,0,0.00038567604
0,0,0.00038567604
0,0,0.0003465039
1,1,0.9914146
0,0,0.0006722167
0,0,0.00037992405
0,0,0.00037009394
0,0,0.00046406948
0,0,0.0003914596
0,0,0.0020113746
0,0,0.00051734195
0,0,0.000584971
0,0,0.0009805411
0,0,0.02029898
0,0,0.0005652075
0,0,0.0007779014
0,0,0.000510701
0,0,0.00040681774
0,0,0.0003856715
1,1,0.99403834
0,0,0.00043159304
0,0,0.0010198404
0,0,0.0021060791
0,0,0.0005960208
0,0,0.00036241952
0,0,0.0003778136
0,0,0.00036773377
0,0,0.00036112708
0,0,0.0007875646
0,0,0.00033195043
1,1,0.9873477
0,0,0.0003552523
0,0,0.00037034068
0,0,0.0027862978
0,0,0.00033011372
0,0,0.003282507
0,0,0.00034931616
0,0,0.0003168423
0,0,0.00031824433
0,0,0.00076554687
0,0,0.0006534835
0,0,0.00043828262
0,0,0.00046527025
0,0,0.00035203277
0,0,0.00035144764
0,0,0.0011270419
0,0,0.00044962866
1,1,0.9707247
0,0,0.00036030702
0,0,0.00047825807
0,0,0.00061745895
0,0,0.15676592
0,0,0.00034245598
0,0,0.00037400858
0,0,0.00034937164
0,0,0.00062772544
0,0,0.0004392297
0,0,0.00043196842
0,0,0.0003772939
0,0,0.00033754887
0,0,0.003428017
0,0,0.00040288217
0,0,0.00048054729
0,0,0.0004804131
0,0,0.027454529
0,0,0.00037609288
0,0,0.00054978125
0,0,0.0008052423
0,0,0.0004184465
0,0,0.00037258439
0,0,0.021621939
0,0,0.00046896757
0,0,0.0009851918
0,0,0.00038193693
1,1,0.981645
1,1,0.8293885
0,0,0.000530397
0,0,0.0005968656
0,0,0.00046761835
0,0,0.0004250594
0,0,0.00037765954
0,0,0.00034317892
0,0,0.00080329325
0,0,0.00046804515
0,0,0.00039164993
0,0,0.0005719444
0,0,0.0015177975
1,0,0.00076996145
0,0,0.00038392626
0,0,0.00042894954
0,0,0.00054863974
0,0,0.0024700137
0,0,0.0003743132
0,0,0.00063389883
0,0,0.00037389877
0,0,0.0016668489
0,0,0.00045745022
0,0,0.0004986121
1,1,0.99373394
0,0,0.0007797728
0,0,0.00034703154
0,1,0.5918783
0,0,0.0004551512
1,0,0.039879743
0,0,0.0004105913
0,0,0.00034519657
0,0,0.005547139
0,0,0.00049681956
0,0,0.010940119
0,0,0.00045230225
0,0,0.0010716042
0,0,0.00039314682
0,0,0.00037085227
0,0,0.007282604
1,1,0.9921582
0,0,0.00043634998
0,0,0.00038695883
0,0,0.00036562487
0,0,0.00031939507
0,0,0.00047848537
0,0,0.048681386
0,0,0.0006077324
0,0,0.0010177991
0,0,0.00036084035
0,0,0.00054371427
0,0,0.000340294
0,0,0.00057829014
0,0,0.0049105105
0,0,0.00046922246
0,0,0.00034359994
0,0,0.00041954787
0,0,0.00054263376
0,0,0.00041293746
0,0,0.003290209
0,0,0.00045417863
0,0,0.00033587424
0,0,0.0004557425
0,0,0.0005499633
0,0,0.0004368038
0,0,0.001336425
0,0,0.00037472844
0,0,0.00040069627
0,0,0.00044098336
0,0,0.00033280664
1,1,0.91855663
0,0,0.0009446443
0,0,0.0008602315
0,0,0.00030728776
0,0,0.00040148853
0,0,0.00033883227
0,0,0.00040446897
0,0,0.00076052273
1,1,0.9918977
0,1,0.6924469
0,0,0.00063435483
1,1,0.9924061
0,0,0.00083732646
0,0,0.00040409688
0,0,0.00048877083
0,0,0.00038810016
0,0,0.0006163136
0,0,0.00034512882
0,0,0.00032410226
0,0,0.00043161176
0,0,0.00048151705
0,0,0.0003589013
0,0,0.0003612491
0,0,0.0030450674
0,0,0.00045081208
0,0,0.001101394
0,0,0.00059488125
0,0,0.00033862607
0,0,0.0003214396
0,0,0.00050834334
0,0,0.00032309347
0,0,0.0019759755
0,0,0.07182354
0,0,0.0003057046
0,0,0.00038715047
0,0,0.0003541511
0,0,0.00032086248
0,0,0.002695052
1,1,0.99464524
0,0,0.0004062421
0,0,0.00035637897
0,0,0.00041024233
0,1,0.96980864
0,0,0.0004199084
0,0,0.00044243035
0,0,0.00053067616
1,1,0.99224234
0,0,0.00033110942
0,0,0.0003530619
0,0,0.0008321805
0,0,0.00037157204
0,0,0.00037388378
0,0,0.00038509982
0,0,0.0097130975
0,0,0.0007455706
0,0,0.0004187368
0,0,0.0728714
0,0,0.00037229754
0,0,0.00032203406
0,0,0.0015454753
0,0,0.00041629738
0,0,0.00034810844
0,0,0.00054167234
0,0,0.00035632955
0,0,0.00043982718
0,0,0.000582764
0,0,0.00035152302
0,0,0.00032612594
0,0,0.000377345
0,0,0.000351726
0,0,0.00053460797
1,1,0.9907602
0,0,0.00044479503
0,0,0.0011165688
0,0,0.0003581565
0,0,0.00071744254
0,0,0.00035429126
0,0,0.00046686365
0,0,0.0006333007
0,0,0.0007406884
0,0,0.0027611833
0,0,0.006850415
0,0,0.0004273928
0,0,0.00031735355
1,1,0.9927745
0,0,0.00033678516
0,0,0.0027021489
0,0,0.000334511
0,0,0.0003450472
0,0,0.0005107954
0,0,0.0049861195
0,0,0.00032265272
0,0,0.00067182543
0,0,0.00034249452
0,0,0.00034931616
0,0,0.0003190834
0,0,0.000423006
0,0,0.04666446
0,1,0.92343396
0,0,0.00064466207
0,0,0.00043405
0,0,0.0006560551
0,0,0.0003969631
0,0,0.00063360896
0,0,0.0011753142
0,0,0.00035497805
0,0,0.00043142785
1,1,0.98732877
0,0,0.00038120433
0,0,0.021336475
0,0,0.00036196117
0,0,0.00033321333
0,0,0.001288242
0,0,0.00072235643
0,0,0.00033959013
0,0,0.00078941684
0,0,0.0007353748
0,0,0.0003832759
0,1,0.9739482
0,0,0.00048325656
0,0,0.00078223884
0,0,0.0003141668
0,0,0.0004465483
0,0,0.0011549729
0,0,0.0008413642
0,0,0.00076161936
1,1,0.99412197
0,0,0.00040964692
1,1,0.9933982
1,1,0.99381626
0,0,0.0003363148
0,0,0.00037904346
0,0,0.00046394783
1,1,0.99396074
0,0,0.008962335
0,0,0.00038928032
0,0,0.00041375903
0,0,0.00036015338
0,0,0.00035468073
0,0,0.00034839756
0,0,0.0005544255
0,0,0.0003315026
0,0,0.00031980607
0,0,0.0005403357
0,0,0.0004093175
0,0,0.0004115557
0,0,0.00033480613
0,1,0.97481966
0,0,0.00031164067
0,0,0.00038209447
0,0,0.0004213485
0,0,0.00032532105
0,0,0.00053194526
0,0,0.00035610457
0,0,0.00040581435
0,0,0.0017123094
0,0,0.00052807305
0,0,0.0005113334
0,0,0.00038812053
0,0,0.00039662156
0,0,0.00035356142
0,0,0.00033494562
0,0,0.00035707428
0,0,0.00033788566
0,0,0.000322148
0,0,0.00040127427
0,0,0.00043283383
1,0,0.016951831
0,1,0.61320007
0,0,0.00037497462
0,0,0.00035061236
0,0,0.00040207035
1,1,0.99482805
0,0,0.0004733866
0,0,0.0003979141
0,0,0.00043871187
0,0,0.0003302122
0,0,0.00074426434
0,0,0.00035315717
0,0,0.0004771909
0,0,0.0006267982
0,0,0.0011950027
0,0,0.0005119245
0,0,0.0008024647
0,0,0.00060290203
0,0,0.00034478022
0,0,0.00038325545
0,0,0.0003297177
0,0,0.0010534716
0,0,0.00034931616
0,0,0.00032459796
0,0,0.00068375055
0,0,0.0003600751
0,0,0.0003405165
0,0,0.00033782222
1,1,0.99390763
0,0,0.00047718224
0,0,0.00038556595
0,0,0.0012437459
0,0,0.00034838927
1,1,0.99365824
0,0,0.0063476954
0,0,0.00035261724
0,0,0.00036112708
0,0,0.020084519
0,0,0.00047833676
0,0,0.00043309937
0,0,0.00037032407
0,0,0.0005084714
0,0,0.0003488757
0,0,0.00039682654
0,0,0.0003467792
0,0,0.00035143594
0,0,0.00032656465
1,1,0.9938304
0,0,0.00037173892
1,0,0.0011043551
0,0,0.00051475025
0,0,0.0004175006
0,0,0.00042982347
0,0,0.00064806343
0,0,0.00043148853
0,0,0.00035870567
0,0,0.00040377345
0,0,0.00036585322
0,0,0.00034358012
0,0,0.00036362823
0,0,0.00033903212
0,0,0.00034390733
0,0,0.0005416749
0,0,0.000558878
0,0,0.0009202146
0,0,0.00038753636
0,0,0.0003165552
0,0,0.00090608903
0,0,0.00051991455
0,0,0.00038910523
0,0,0.00034660663
0,0,0.0007385383
0,0,0.0007054533
0,0,0.00043843884
0,0,0.0003696631
0,0,0.00048126353
0,0,0.0005164635
0,0,0.0045937286
1,0,0.03582508
0,0,0.0006121009
0,0,0.00053741696
0,0,0.00034931616
0,0,0.0005940518
0,0,0.00035531272
0,0,0.0004982304
0,0,0.00039584454
0,0,0.0004153486
0,0,0.00052188523
0,0,0.00037441723
0,0,0.00032829712
0,0,0.00035544115
0,0,0.002927691
0,0,0.00038222683
0,0,0.00054356037
0,0,0.00050539995
0,0,0.00048861053
0,0,0.00059761986
0,0,0.00060402765
0,0,0.00033285804
0,0,0.00033864737
0,0,0.0003495947
0,0,0.00034131977
0,0,0.0003752432
0,0,0.00039204778
1,0,0.47615376
0,0,0.0006260537
1,1,0.99435306
1,1,0.98722166
0,0,0.00034931616
0,0,0.00036052475
0,0,0.00049993256
0,0,0.00030259264
0,0,0.0007355133
1,1,0.99241054
0,0,0.00030657198
0,0,0.00035856102
0,0,0.0006245528
1,0,0.025057856
0,0,0.00037056315
0,0,0.049759287
0,0,0.00064218254
0,0,0.002038141
0,0,0.00085606624
0,0,0.00033398552
0,0,0.00034625852
0,0,0.0005505497
0,0,0.00033336683
0,0,0.00034931616
0,0,0.0021114906
0,0,0.034563143
0,0,0.0003732316
0,0,0.00055538013
0,0,0.0039024963
0,0,0.00034952906
0,0,0.0004057428
0,0,0.0004537325
1,1,0.9926685
0,0,0.0004038148
0,0,0.0003606158
0,0,0.0006095785
0,0,0.0005720426
0,0,0.0016538877
0,0,0.00035269387
0,0,0.00045258045
0,0,0.00058892614
0,0,0.00031492487
0,0,0.0005060131
0,0,0.00031108057
0,0,0.00036932636
0,0,0.0026819916
0,0,0.0004037938
0,0,0.00034480292
0,0,0.0010461545
0,0,0.0003726375
0,0,0.0007140304
0,0,0.0006465233
0,0,0.0014942068
0,0,0.0016674545
0,0,0.0057017566
1,0,0.002317277
0,0,0.00036234056
0,0,0.00040926225
0,0,0.00033879222
0,0,0.0007972202
0,0,0.0004928356
0,0,0.00035788008
0,0,0.00045161124
0,0,0.00034931616
0,0,0.0003597498
0,0,0.00032346608
0,0,0.00035923967
1,1,0.9924521
0,0,0.0005056293
0,0,0.0006020583
0,0,0.0003577085
0,0,0.00057762774
0,0,0.00061122264
0,0,0.00041996245
0,0,0.0005218047
0,0,0.000971921
0,0,0.0003451819
0,0,0.00040556086
0,0,0.0060204193
0,0,0.0003995093
0,0,0.00042878318
0,0,0.011463311
0,0,0.00038129772
0,0,0.001286784
0,0,0.0003669399
1,1,0.9918181
0,0,0.00036502618
0,0,0.00044947438
0,0,0.0003385005
0,0,0.00033585884
0,0,0.00049859507
0,0,0.00040276005
0,0,0.0004115337
0,0,0.00038190032
0,0,0.0010744361
0,0,0.0025734052
0,0,0.00032249308
0,0,0.00036146631
0,0,0.0011607565
0,0,0.0008608982
0,0,0.0011402773
0,0,0.00036384113
0,0,0.00068852864
0,0,0.00095309847
0,0,0.0010661987
0,0,0.00035510634
1,1,0.9928565
0,0,0.00034751787
0,0,0.0005648201
0,0,0.0013391911
0,0,0.0004560102
0,0,0.00032378788
0,0,0.0003612035
0,0,0.0003159763
0,0,0.00064605364
0,0,0.00031246681
0,0,0.0005111322
0,0,0.0003393736
0,0,0.00045492998
0,0,0.000828222
0,0,0.00052026653
0,0,0.0003925089
0,0,0.00038463072
0,0,0.0017875137
0,0,0.0011774041
0,0,0.0012170973
0,0,0.00043886036
0,0,0.00041143407
0,0,0.00034436007
0,0,0.00035565838
0,0,0.00031357878
0,0,0.00073211145
0,0,0.00036597287
0,0,0.0007920447
0,0,0.000374532
0,0,0.00039936978
0,0,0.0004544543
0,0,0.0003655022
0,0,0.00047960505
0,0,0.00041715347
0,0,0.00033195264
0,0,0.0003778918
0,0,0.0004594476
0,0,0.00031216466
0,0,0.000362783
0,0,0.00052457437
0,0,0.0010060847
0,0,0.00038176726
0,0,0.0005601552
0,0,0.00045431155
0,0,0.00037175204
0,0,0.00035315013
0,0,0.0020886618
0,0,0.0004408457
0,0,0.00032549945
0,0,0.0005154066
0,0,0.00042706804
0,0,0.00034931616
0,0,0.00062731
0,0,0.0016300336
0,0,0.00043529496
0,0,0.0006906457
0,0,0.00034326158
0,0,0.0003399108
0,0,0.0004477341
0,0,0.00038781558
0,0,0.00033362815
0,0,0.00042669222
1,1,0.9796251
0,0,0.00037086604
0,0,0.00042324193
0,0,0.0022525408
0,0,0.00039570156
0,0,0.000315745
0,0,0.00036305285
0,0,0.00033476396
1,1,0.9933943
0,0,0.0004551512
0,0,0.0003703746
0,0,0.001446854
0,0,0.00044716685
0,0,0.00037127957
0,0,0.00063380675
0,0,0.00038003054
0,0,0.0005788554
0,0,0.00036886893
0,0,0.05809914
0,0,0.000371846
0,0,0.0003326883
0,0,0.0016359868
0,0,0.00036274167
0,0,0.00034724514
0,0,0.00053712126
0,0,0.00067912345
0,0,0.0005151053
0,0,0.00034954105
0,0,0.010301818
0,0,0.00038845473
0,0,0.00041071107
0,0,0.00039916782
0,0,0.00038851702
0,0,0.00035327201
0,0,0.00038890718
0,0,0.00034957536
1,0,0.2026239
0,0,0.000527761
0,0,0.00035591074
0,0,0.0015697918
0,0,0.00037400858
0,0,0.00044713952
0,0,0.0004805693
0,0,0.00033418302
0,0,0.0003197238
0,0,0.00034125565
0,0,0.0003552538
0,1,0.9844418
0,0,0.0003674205
0,0,0.0003747656
0,0,0.00041246813
0,1,0.94286066
0,0,0.00040681756
0,0,0.00041297838
0,1,0.5207617
0,0,0.00033736904
0,0,0.000383504
0,0,0.00041102053
1,1,0.9948828
0,0,0.08286063
0,0,0.00039090397
0,0,0.00060614216
0,0,0.0003853374
0,0,0.0003466301
0,0,0.00061750074
0,0,0.00033007216
0,0,0.0023897204
0,0,0.0043270993
0,0,0.00039202982
0,0,0.0018716735
0,0,0.00034189652
0,0,0.0007503185
0,0,0.0012030223
0,0,0.00036391258
0,0,0.0033328324
0,0,0.00035459077
0,0,0.0003737767
0,0,0.00039309583
0,0,0.00031389974
0,0,0.00039449363
0,0,0.0005223485
0,0,0.0003321451
0,0,0.00040391798
0,0,0.0003141779
0,0,0.0003872723
0,0,0.00032033125
0,0,0.00039502277
0,0,0.00044165834
0,0,0.00045852485
0,0,0.00040039653
0,0,0.000442393
0,0,0.00046360368
0,0,0.00035225504
0,0,0.00034366344
0,0,0.00046125267
0,0,0.0005223984
0,0,0.00050700334
0,0,0.00073498004
0,0,0.0005005207
0,0,0.000365528
0,0,0.00039884757
1,1,0.9940896
0,0,0.00043624287
0,0,0.00032295458
1,0,0.0015788325
0,0,0.00039813985
0,0,0.0003929945
0,0,0.00036502618
0,0,0.00043953714
0,0,0.00037574186
1,1,0.9937354
0,0,0.0003535972
0,0,0.0006558938
0,0,0.0012065615
0,0,0.00082465535
0,0,0.00036376444
0,0,0.0003724434
0,0,0.00037701707
0,0,0.00038506166
0,0,0.000520928
0,0,0.00039621035
0,0,0.0005588684
0,0,0.00037497605
0,0,0.0004355797
0,0,0.00041983518
0,0,0.00046759454
0,0,0.00041108634
0,0,0.00039831141
0,0,0.0008808852
0,0,0.00034710197
0,0,0.00031651265
0,0,0.00031601032
0,0,0.00032444976
0,0,0.00035548687
0,0,0.00042714638
0,0,0.0005595554
0,0,0.00038324264
0,0,0.00036655006
0,0,0.00047524957
0,0,0.00088703114
0,0,0.0007096352
0,0,0.00037068842
0,0,0.0003130259
0,0,0.00037127957
0,0,0.000468448
0,0,0.00044515263
0,0,0.00053388573
0,0,0.0012302598
0,0,0.00042996835
0,0,0.000434587
1,1,0.99077624
0,0,0.001028941
1,1,0.9959537
0,0,0.00056497945
0,0,0.0003801131
0,0,0.0003849104
0,0,0.00040552937
0,0,0.0003366004
0,0,0.0003313184
0,0,0.00040279212
0,0,0.0003323564
0,0,0.00037323017
0,0,0.0004887778
0,0,0.0009686937
0,0,0.00033319806
0,0,0.0018468184
0,0,0.00095314893
0,0,0.020828253
1,1,0.99410075
0,0,0.0003235025
0,0,0.00042201273
0,0,0.0003791678
0,0,0.00033027708
0,0,0.00034931616
0,0,0.0007999979
0,0,0.0003654398
0,0,0.0005974387
0,0,0.00048162125
0,0,0.00038694646
0,0,0.00078415393
0,0,0.0004914721
0,0,0.0007249438
0,0,0.0005484071
0,0,0.000590416
0,0,0.00041357958
0,0,0.0005582524
0,0,0.0003998149
0,0,0.00064399943
0,0,0.00034846505
0,0,0.0003150543
0,0,0.00042327988
0,0,0.00032181802
0,0,0.00034931616
0,0,0.0003107885
0,0,0.00042988037
0,0,0.00035402214
0,0,0.00040315883
0,0,0.00034464776
0,0,0.0007405161
0,0,0.00044085077
1,1,0.994276
0,0,0.00058420264
0,0,0.00032304542
0,0,0.00036704625
0,0,0.00035568673
0,0,0.00051318324
0,0,0.00045102742
0,0,0.0034908543
0,0,0.0003204073
0,0,0.00045109706
0,0,0.0004858699
0,0,0.0009740031
0,0,0.0003663712
0,0,0.0005261806
0,0,0.00044027055
0,0,0.0008111785
0,0,0.0004819179
0,0,0.0003912814
0,0,0.00037171165
0,0,0.00031839058
0,0,0.0003587583
0,0,0.00166556
0,1,0.99228513
0,0,0.00068775547
0,0,0.0004874634
1,1,0.98559237
0,0,0.0003368831
0,0,0.00067468156
0,0,0.0003467481
1,1,0.99600106
0,0,0.00036655334
0,0,0.00053094944
0,0,0.00063202606
1,0,0.001422867
0,0,0.00036137566
0,0,0.00044986812
0,0,0.0003618711
1,1,0.9867062
0,0,0.00050160225
0,0,0.0005000274
0,0,0.00043962203
0,0,0.00039978322
0,0,0.0004121513
0,0,0.00041238905
0,0,0.00034221512
0,0,0.00041310734
0,0,0.0005225004
0,0,0.000416669
0,0,0.0023287726
0,0,0.00044874166
0,0,0.008905224
0,0,0.00039328006
0,0,0.00034493406
0,0,0.0010620367
0,0,0.00085603114
0,0,0.00050622487
0,0,0.0003501764
0,1,0.9847178
0,0,0.0004100316
1,0,0.032843754
0,0,0.0014356532
0,0,0.00043276057
0,0,0.00059985905
0,0,0.00067006657
0,0,0.00034383815
0,0,0.0008443575
0,0,0.0009173581
0,0,0.00034242956
0,0,0.0006158093
1,1,0.9937405
0,0,0.00035856207
0,0,0.00043916417
0,0,0.00039497888
0,0,0.0003482452
0,0,0.00047771703
0,0,0.00034134745
0,0,0.16467269
0,0,0.0003387381
0,0,0.0012727471
0,0,0.00044646658
0,0,0.0003936968
0,0,0.00037242283
1,1,0.9932836
0,0,0.00035503478
0,0,0.0003871217
0,0,0.00038212974
0,0,0.00037791938
0,0,0.00032977745
0,0,0.0006937248
0,0,0.0006599727
0,0,0.0009237869
0,0,0.00041127962
0,0,0.00042140894
0,0,0.001538928
0,0,0.00034049636
0,0,0.00041337934
0,0,0.00048040986
0,0,0.00035802
0,0,0.00039478784
0,0,0.00037940755
0,0,0.00036379378
0,0,0.00033944804
0,0,0.00038871297
0,0,0.0015232916
0,0,0.0022769168
0,0,0.00072029
0,0,0.0008863832
0,0,0.00059403165
0,0,0.0003854164
0,0,0.00056688406
0,0,0.00035300708
1,0,0.010536063
0,0,0.002228794
0,0,0.0003718761
0,0,0.00034931616
1,1,0.9928645
0,0,0.0003750206
0,0,0.00035532733
0,0,0.00038133044
0,0,0.0018091972
0,0,0.00041767256
0,0,0.00080885936
0,0,0.00035482662
0,0,0.00041189618
0,0,0.00036648684
0,0,0.0005132718
0,0,0.00044812524
0,0,0.00035455413
0,0,0.0059833582
0,0,0.0005538168
0,0,0.0003274182
0,0,0.00057829014
0,0,0.0004688422
0,0,0.0006042577
0,0,0.0003220485
0,0,0.000516902
0,0,0.00052672275
1,0,0.011476438
0,0,0.0004218977
0,0,0.00093126064
0,0,0.0005484073
0,0,0.00036375131
0,0,0.00046519382
0,0,0.0010584268
0,0,0.00077389326
0,0,0.00074849353
0,0,0.0008063272
0,0,0.0005126108
0,0,0.000392019
0,0,0.0020810904
0,0,0.002381842
0,0,0.0004975579
0,0,0.0022050692
0,0,0.0007251905
0,0,0.0028382405
0,0,0.0003557403
0,0,0.0005374003
0,0,0.00035859144
0,0,0.00055838516
0,0,0.000499761
0,0,0.0004218322
0,0,0.0011444145
0,0,0.00032033553
0,0,0.0004107485
1,1,0.9780175
0,0,0.0003988757
0,0,0.015535609
0,0,0.00046054818
0,0,0.0014083384
0,0,0.00064327713
0,0,0.00030732146
0,0,0.0003141063
0,0,0.00037370616
0,0,0.00035576592
0,0,0.00036423464
0,0,0.0008400356
1,1,0.99429566
0,0,0.00038379707
0,0,0.00033170276
0,0,0.00030980757
0,0,0.00042613086
0,0,0.00039813263
1,0,0.001921997
0,0,0.00037205004
0,0,0.0015329161
0,0,0.00041548663
0,0,0.00033673763
0,0,0.0003892221
0,0,0.00046524344
0,0,0.0027060735
0,0,0.00049114006
0,0,0.0010200411
0,0,0.00074700644
0,0,0.00035534595
0,0,0.00034387616
0,0,0.0003979067
0,0,0.00037429642
0,0,0.0009522004
0,0,0.0019942494
0,0,0.0006012798
0,0,0.00034202432
0,0,0.00035628246
0,0,0.0007451713
0,0,0.00037941654
0,0,0.00037954823
0,0,0.00041616726
0,0,0.00037133798
0,0,0.00039651868
0,0,0.0012962063
0,0,0.001268919
0,0,0.0058455537
1,1,0.99416286
0,0,0.00070006994
1,1,0.98155
0,1,0.98803604
0,0,0.0008082457
0,0,0.00046078314
0,0,0.00041475828
0,0,0.00042175056
0,0,0.00048330723
0,0,0.00033900756
0,0,0.00042443
1,1,0.9024702
0,0,0.0006917277
0,0,0.0006660246
0,0,0.000349709
0,0,0.0004825047
0,0,0.00045758564
0,0,0.009791834
0,0,0.00032215536
0,0,0.0008423998
0,0,0.00036245008
0,0,0.00037791973
0,0,0.0004499937
0,0,0.0006129535
0,0,0.00043515905
0,0,0.008287824
0,0,0.00040794478
0,0,0.00048146473
0,0,0.0024755995
0,0,0.00052121805
0,0,0.0007340025
0,0,0.0051560365
0,0,0.0003848642
0,0,0.00042162495
0,0,0.00040840468
0,0,0.00061064085
0,0,0.00059477694
0,0,0.000399309
0,0,0.0003355263
0,0,0.00091385405
0,0,0.0012733064
0,0,0.00043653257
0,0,0.00034260165
0,0,0.00033548588
0,0,0.0007024471
0,0,0.0015341984
0,0,0.00054333685
0,0,0.0003550409
0,0,0.00034268587
0,0,0.00079046574
0,0,0.00034931616
0,0,0.00042544617
0,0,0.00057069416
0,0,0.00095787505
0,0,0.0008380069
0,0,0.00041776116
0,0,0.009367379
0,0,0.00059093593
0,0,0.00035293703
0,0,0.00060932414
0,0,0.0015271956
0,0,0.00032710898
0,0,0.00034746353
0,0,0.00070717285
0,0,0.00031436572
0,0,0.0003619701
0,0,0.000356924
0,0,0.00045196092
0,0,0.00048452825
0,0,0.00041378976
0,0,0.00033791838
0,0,0.001980105
0,0,0.00083636714
0,0,0.00039018094
0,0,0.00034870932
0,0,0.00042636777
0,0,0.0020659075
0,0,0.00038302972
0,0,0.00044007023
0,0,0.00037093126
0,0,0.00034931616
0,0,0.00046342032
0,0,0.0013307286
1,1,0.9941484
0,0,0.0007359153
0,1,0.86722314
0,0,0.00037668258
0,0,0.00036235334
1,1,0.8987682
0,0,0.0004734579
1,1,0.99297416
0,0,0.0005084988
0,0,0.00031871282
0,0,0.00071236864
0,0,0.00035917413
0,0,0.0043436354
0,0,0.00046176233
0,0,0.00042934332
0,0,0.00043976534
0,0,0.0012065615
0,0,0.00043486382
0,0,0.00041340143
0,0,0.00042958363
0,0,0.00036112708
0,0,0.00033562587
0,0,0.0003255376
0,0,0.00033879626
0,0,0.00038117814
0,0,0.00034074855
0,0,0.00037167495
0,0,0.0009921413
0,0,0.00081212015
1,0,0.008232103
0,0,0.00036654744
0,0,0.0005650287
0,0,0.00031801744
0,0,0.00031108057
0,0,0.0003989624
0,0,0.0004499457
0,0,0.0003163766
0,0,0.00053162035
0,0,0.0004832561
0,0,0.00048262632
0,0,0.00035104447
0,0,0.0027086558
0,0,0.0003548855
0,0,0.00036299924
0,0,0.00072926143
0,0,0.00039835853
0,0,0.00034349153
0,0,0.00041143564
0,0,0.00039510787
0,0,0.00048541834
0,0,0.00048408294
0,0,0.0003052145
0,0,0.00045046542
0,0,0.0006436408
0,0,0.0003663003
0,0,0.0016775331
0,0,0.004074867
0,0,0.00072208524
0,0,0.0003277486
0,0,0.0005393781
0,0,0.00043271706
0,0,0.0006835675
0,0,0.0003202735
0,0,0.00033500727
0,0,0.0010164924
0,0,0.00040194442
0,0,0.000358719
0,0,0.00034931616
1,1,0.93423104
0,0,0.0012349914
0,0,0.0007226587
0,0,0.00069078896
0,0,0.00037261317
0,0,0.00090314774
0,0,0.0021453896
0,0,0.00035147765
0,0,0.0007083673
1,1,0.5241837
0,0,0.00055154343
1,0,0.329186
0,0,0.0004018268
0,0,0.00062463875
0,0,0.00036464268
0,0,0.0005694363
0,0,0.00035197052
0,0,0.00053928455
0,0,0.00037338017
0,0,0.08980904
0,0,0.0003819249
0,0,0.0007340025
0,0,0.00039935551
0,0,0.00051374437
0,0,0.00050702895
0,0,0.0003800327
1,1,0.9952355
0,0,0.00042249498
0,0,0.00056820153
0,0,0.00068527384
0,0,0.00033415272
0,0,0.00039021217
0,0,0.00048151705
0,0,0.0025888386
0,0,0.0020122929
0,0,0.0016682523
0,0,0.00040363413
0,0,0.0003967053
0,0,0.00037849104
0,0,0.0004131816
0,0,0.00032333907
0,0,0.0007261868
0,0,0.00040591788
0,0,0.0008039189
0,0,0.00079464796
0,0,0.00040931534
0,0,0.00033767568
0,0,0.0006712938
0,0,0.001374504
0,0,0.00053019915
0,0,0.00033980064
0,0,0.0004026833
0,0,0.00033371215
1,1,0.99186045
0,0,0.00048022103
0,0,0.00035271572
0,0,0.00036112708
0,0,0.0004569754
0,0,0.0003938199
0,0,0.001138571
0,0,0.00054278603
0,0,0.00041924728
0,0,0.00036112708
1,0,0.33523062
0,0,0.00034242694
0,0,0.00052323675
0,0,0.0004924942
0,0,0.00034242694
0,0,0.00037135588
0,0,0.00037825332
0,0,0.00046022522
0,0,0.00039242525
0,0,0.0004432387
0,0,0.0010638351
0,0,0.00053674966
0,0,0.00038301072
0,0,0.00036891637
0,0,0.0006343385
0,0,0.00044851072
0,0,0.00040316075
0,0,0.00034281219
0,0,0.00047473912
0,0,0.0004522738
0,0,0.00034432102
0,0,0.00033834504
0,0,0.00033962913
0,0,0.0035164221
0,0,0.00043251147
0,0,0.0020132228
0,0,0.0003343305
0,0,0.0004048067
0,0,0.30272254
0,0,0.0004832142
0,0,0.0003946821
1,1,0.99609935
0,0,0.000673032
0,0,0.00043998635
1,0,0.001265185
0,0,0.00032544765
0,0,0.00039808897
0,0,0.00043633583
1,1,0.99379444
0,0,0.00041178605
0,0,0.0005078013
0,0,0.00036853357
0,0,0.0010404731
0,0,0.00042764447
0,0,0.00036843205
0,0,0.00037031804
1,1,0.99450123
0,0,0.00034084
0,0,0.00035404292
0,0,0.00047633922
0,0,0.00038565937
0,0,0.00039925915
0,0,0.00048950495
0,0,0.0013773574
0,0,0.00062721886
0,0,0.0014603976
0,0,0.0003264255
0,0,0.00043997692
0,0,0.00033183463
1,1,0.99411386
0,0,0.00030541705
0,0,0.00032245278
0,0,0.00037483775
0,0,0.00036102012
0,0,0.00042958956
0,0,0.00048204907
0,0,0.0007318792
0,0,0.0005869768
0,0,0.0005940257
0,0,0.00044876477
0,0,0.0006900711
0,0,0.00032616514
0,0,0.00038629482
0,0,0.0008759191
0,0,0.00061438937
0,0,0.0008246867
0,0,0.00037121127
0,0,0.00038081204
0,0,0.00042593447
0,0,0.0003772396
0,0,0.00034794782
0,0,0.00044082932
1,0,0.0095482
0,0,0.00046874097
0,0,0.00058686105
0,0,0.0003765185
0,0,0.0006326293
0,0,0.00035737175
0,0,0.00035541068
0,0,0.00034464826
0,0,0.00043533335
0,0,0.00040969753
0,0,0.0013956431
0,0,0.00033914624
1,1,0.9873778
0,0,0.00055680546
0,0,0.00038384777
0,0,0.003140914
0,0,0.00048440127
0,0,0.00045751125
1,0,0.00083349075
0,0,0.0003302261
0,0,0.00039577138
0,0,0.00039641513
0,0,0.0005417681
0,0,0.00037529026
0,0,0.00039400582
0,0,0.0006523575
0,0,0.00034603052
0,0,0.00035977727
0,0,0.0005543203
0,0,0.00033502292
0,0,0.00032275543
0,0,0.0003879424
0,0,0.0015353377
0,0,0.00032786926
0,0,0.000447163
0,0,0.0003515827
0,0,0.0003773743
0,0,0.0006941841
0,0,0.00035297943
0,0,0.00042167655
0,0,0.00046613973
0,0,0.00081203505
0,0,0.00054107944
0,0,0.00040672818
0,0,0.0006187437
0,0,0.0005120094
0,0,0.0013360166
1,1,0.9933478
0,0,0.00035926554
1,1,0.9895493
0,0,0.00040398867
0,0,0.000630442
0,0,0.0038249725
0,0,0.00054819544
0,0,0.0011538569
0,0,0.0034268298
0,0,0.00043653257
0,0,0.0004695153
0,0,0.00036357655
0,0,0.00079053914
1,1,0.9953219
0,0,0.0005232839
0,0,0.00034973738
0,0,0.00044266868
0,0,0.00034578057
0,0,0.00066874566
0,0,0.00036088718
0,0,0.00039152004
0,0,0.0003426673
0,0,0.00055856165
0,0,0.0003705826
0,0,0.0065294364
0,0,0.0016490024
0,0,0.00083508313
0,0,0.00043027234
0,0,0.00033692585
0,0,0.00034810943
0,0,0.000340294
0,0,0.00037637068
0,0,0.0004806916
0,1,0.940183
0,0,0.00032368387
0,1,0.9830797
0,0,0.00033543166
0,0,0.00085085985
0,0,0.00037380293
0,0,0.00045144247
0,0,0.0005631273
0,0,0.00035995874
0,0,0.00042264847
0,0,0.0019212845
1,1,0.9455611
0,0,0.00041162243
0,0,0.0003496205
0,0,0.00036457618
0,0,0.00048325516
0,0,0.00038836926
0,0,0.00047281932
0,0,0.00035137325
0,0,0.0003341043
0,0,0.00042965895
0,0,0.006164471
0,0,0.00041314415
0,0,0.00042440387
0,0,0.00038354014
0,0,0.00040887427
0,0,0.0003139922
0,0,0.0004631907
0,0,0.0013551067
0,0,0.00039998945
0,0,0.0015678499
0,0,0.00040014734
0,0,0.0003241264
0,0,0.0005420726
0,0,0.00039813985
0,0,0.0028751036
0,0,0.00035178653
0,0,0.0003723756
0,0,0.00042968456
0,0,0.0012874219
0,0,0.00037409045
0,0,0.0003238487
0,0,0.0017252144
0,0,0.0029079942
0,0,0.00051686214
0,0,0.0005214173
0,0,0.0003275125
0,0,0.0005865602
0,0,0.0006564751
0,0,0.00037362907
0,0,0.00036103357
0,0,0.00037195307
0,0,0.00046660606
0,0,0.00072498224
0,0,0.00033786314
0,0,0.0007455947
0,0,0.12807837
0,0,0.00037369638
0,0,0.00034271367
0,0,0.00034989277
0,0,0.00040640394
0,0,0.00040190073
1,1,0.7168583
1,1,0.94213355
0,0,0.00039163334
0,0,0.0005478883
0,0,0.00035702612
0,0,0.00033201816
0,0,0.00037738075
0,0,0.0008106569
1,1,0.99617
0,0,0.00057018554
0,0,0.00047250252
0,0,0.0019479962
0,0,0.00043758377
0,0,0.0012394051
0,0,0.0003603457
0,0,0.00036167004
0,0,0.0013735219
1,1,0.9933106
0,0,0.00036375402
0,0,0.011881756
0,0,0.00050966005
0,0,0.00050915114
1,0,0.0045022694
0,0,0.00034156602
1,1,0.8622267
0,0,0.0052495655
0,0,0.0018986372
0,0,0.00045738436
1,1,0.98928857
0,0,0.00041579452
0,0,0.00037677056
0,0,0.00036945348
0,0,0.000357292
0,0,0.00051773764
0,0,0.0005599973
0,0,0.00035125218
0,0,0.0003381649
0,0,0.0003416644
0,0,0.00034027395
0,0,0.001591436
0,0,0.00034354997
0,0,0.00038190596
0,0,0.0003909207
0,0,0.00128882
0,0,0.00033726232
0,0,0.0004292809
1,1,0.9864791
0,0,0.00049566064
0,0,0.00042164803
0,0,0.0004120468
0,0,0.0003863814
0,0,0.0005188319
0,0,0.00063929986
0,0,0.0003673795
0,0,0.00083237095
0,0,0.00036985977
0,0,0.00035678706
0,0,0.0003449811
0,0,0.00035359903
1,1,0.9891004
0,0,0.00044169245
0,0,0.00042707697
0,0,0.001668721
0,0,0.0005597344
0,0,0.0026183221
1,1,0.99127966
0,0,0.00042440387
0,0,0.00038146734
0,0,0.0005161446
0,0,0.00057716324
0,0,0.00077947
1,1,0.9943169
0,0,0.0004181066
0,0,0.00038220812
0,0,0.00042566156
0,0,0.00038937532
0,0,0.0003921031
0,0,0.00047579262
0,0,0.0004670818
0,0,0.00040102703
0,0,0.0003844374
0,0,0.00035778084
0,0,0.0003932392
0,0,0.011593652
0,0,0.0009568298
0,0,0.0006074107
0,0,0.00036112708
0,0,0.0003256295
0,0,0.00040374667
0,0,0.00035401556
1,1,0.98918146
0,0,0.00032833344
0,0,0.00032500736
0,0,0.00040221063
1,1,0.9908145
0,0,0.0005181224
0,0,0.0010630438
1,1,0.99261487
0,0,0.0007929437
1,1,0.9948828
0,0,0.0006120763
0,0,0.0003241604
0,0,0.00043364245
0,0,0.0003450737
0,0,0.0003885085
0,0,0.00062544475
0,0,0.0003799472
0,0,0.00038807868
0,0,0.00085171766
0,0,0.0006381645
0,0,0.00043328502
0,0,0.0010717559
0,0,0.0005583721
0,0,0.00046160788
0,0,0.0003959234
0,0,0.00040131825
0,0,0.00031078112
0,0,0.0005145315
0,0,0.14681628
0,0,0.00049991824
0,0,0.0004268273
0,0,0.00048451623
0,0,0.0003875445
0,0,0.00093231176
0,0,0.0003788809
0,0,0.00079872005
0,0,0.00049618824
0,0,0.0003557127
0,0,0.00051654276
0,0,0.00068872725
0,0,0.00032897072
0,0,0.00041060444
0,0,0.0003142168
0,0,0.00046394518
0,0,0.00055020186
0,0,0.00041406517
0,0,0.00043912907
0,0,0.0004170465
0,0,0.00035210728
0,0,0.00039094192
0,0,0.0006475534
0,0,0.00034077157
0,0,0.00042222103
0,0,0.00034794747
0,0,0.0003967902
0,0,0.00038010295
0,0,0.0037818737
0,0,0.0005721156
0,0,0.00036116593
0,0,0.00040005278
0,0,0.0011555067
0,0,0.0003651372
0,0,0.0003469915
0,0,0.00040074918
0,0,0.00058233476
0,0,0.00093082146
0,0,0.0003697826
0,0,0.00053440727
0,0,0.00068994844
0,0,0.00056097755
0,0,0.0005071406
0,0,0.0020319093
0,0,0.0006349815
0,0,0.0009036263
